Date,Close,High,Low,Open,Volume
1/1/2021,897.0470581,901.3347986,894.5646443,897.2726941,10015175
1/4/2021,898.559082,902.1923589,888.2458454,900.4772865,24513534
1/5/2021,887.3883057,895.2868192,882.8296825,888.6971735,24123091
1/6/2021,863.986084,887.3431107,859.8788522,887.2979835,46401468
1/7/2021,862.5869141,877.8649187,859.8788642,866.8069639,32325918
1/8/2021,872.7647705,874.8861072,863.0157426,865.6786654,27540187
1/11/2021,856.3132324,875.066569,854.1693322,875.066569,33307825
1/12/2021,883.3036499,884.6350814,857.5092763,858.9084582,41161546
1/13/2021,875.0665894,891.3826994,865.8817711,886.2373626,26619458
1/14/2021,884.9058838,887.7493749,875.1794203,877.8649065,21553242
1/15/2021,874.4572144,890.8635769,866.6038285,884.9058318,20593268
1/18/2021,895.4448242,901.3348793,868.0933816,879.7154869,35100458
1/19/2021,910.0908813,916.680467,900.2741042,900.2741042,32006615
1/20/2021,927.3773804,928.8668167,903.3207031,912.3476353,30924537
1/21/2021,947.5525513,956.8502475,936.5397825,939.6991643,39087742
1/22/2021,925.0755615,954.7514714,918.5536066,952.78808,30532660
1/25/2021,876.0595093,918.4633177,871.9974047,918.4633177,54207104
1/27/2021,855.2976685,868.838037,852.1382869,868.838037,42370131
1/28/2021,846.9703369,868.070704,844.014028,848.5951548,34067814
1/29/2021,831.3538818,863.4670185,825.960286,854.9817319,43712383
2/1/2021,855.4331665,859.8111618,834.0845374,839.2298742,34180952
2/2/2021,869.1990967,875.6081737,837.2213427,863.9860695,41470034
2/3/2021,871.3881836,881.0243335,857.5544279,870.3275153,30301696
2/4/2021,868.5220337,875.6081378,859.8110521,868.3865924,25626981
2/5/2021,868.2738647,877.7070019,866.5813559,871.117356,20248046
2/8/2021,880.776001,888.6970773,870.6658976,872.4712241,21183400
2/9/2021,882.8973999,897.9948962,881.1597639,885.5152551,19604141
2/10/2021,891.0892334,895.8058016,869.8760479,881.8141616,21234156
2/11/2021,927.8286743,931.6651427,890.163999,893.661894,42539278
2/12/2021,921.4648438,937.8937723,909.6396063,927.7385398,30497029
2/15/2021,917.40271,930.3563062,913.9725054,924.3759968,15791099
2/16/2021,929.5438843,938.52563,918.4859292,920.6298294,21421660
2/17/2021,940.2632446,945.9952941,925.5268269,929.7694401,23742994
2/18/2021,933.244873,951.6145682,929.3632773,941.0531321,18646877
2/19/2021,938.9317627,950.0574078,926.7454494,928.4154542,23403483
2/22/2021,906.3447266,943.2647459,900.4096043,938.7964367,23804335
2/23/2021,913.2728271,926.5649358,908.8270819,924.353345,25644108
2/24/2021,930.2208862,932.1390907,914.4914902,916.2291859,10807663
2/25/2021,967.8403931,971.293161,935.636944,936.9909987,34855693
2/26/2021,941.4141846,963.1238291,934.5988435,955.4961388,37481215
3/1/2021,948.5905151,953.2393924,930.8977887,952.4269238,17680764
3/2/2021,950.531311,961.3635697,942.9036207,957.7528566,17150760
3/3/2021,993.9055176,1001.939472,951.0729424,957.324074,31924461
3/4/2021,982.0578003,988.4217505,973.8659,983.9308776,21435754
3/5/2021,983.3441162,998.3513583,971.7671384,973.0986297,25511666
3/8/2021,988.9407959,1007.355618,978.5147414,978.7403774,19506841
3/9/2021,988.9181519,999.186261,968.8559483,992.9576928,15154484
3/10/2021,984.8109741,999.7730887,979.5302559,996.1171885,11519358
3/12/2021,964.7938843,995.8463528,958.610443,990.7010163,16864952
3/15/2021,951.840271,969.8940162,939.022057,965.8996621,16698099
3/16/2021,948.0940552,959.5582137,945.79221,954.1420546,13873801
3/17/2021,927.6707153,949.1772868,918.5309656,946.9431324,19210236
3/18/2021,906.7960815,940.9628627,903.1401815,935.5918307,20647480
3/19/2021,939.6990356,945.9501673,894.9256926,898.6267197,41787429
3/22/2021,930.8527832,936.0883744,917.6735507,934.7343793,18572478
3/23/2021,942.1815186,952.2013688,927.964182,930.6496683,17421165
3/24/2021,924.0374756,938.6835805,920.9232211,938.6835805,16822814
3/25/2021,898.829895,927.0614969,895.9187129,927.0614969,22001648
3/26/2021,900.2741089,908.872213,890.8184686,908.1049313,20180202
3/30/2021,915.913208,924.7595716,898.8749446,906.2995627,20441701
3/31/2021,904.0879517,925.2108827,902.2374381,910.8130383,16250796
4/1/2021,912.5507202,916.2291839,904.1105609,910.8130842,11723312
4/5/2021,899.348938,913.972479,885.5829331,913.9499154,14875099
4/6/2021,895.6027222,904.9229808,888.6971268,904.4942127,14009194
4/7/2021,903.9751587,923.8569133,899.6648546,902.6888544,24266353
4/8/2021,905.1035156,912.6183881,899.5294112,907.6536202,15369188
4/9/2021,894.5872192,905.5548598,893.6619326,901.9892738,14037885
4/12/2021,862.5869141,885.2669734,857.6672732,884.1837415,20901482
4/13/2021,871.9070435,875.8788931,865.6107852,868.3865254,19411189
4/15/2021,877.5490112,885.0864479,863.4219286,869.4248016,19723716
4/16/2021,872.0426025,880.0765579,869.4924977,874.0736848,15656948
4/19/2021,858.3216553,864.956428,853.0409373,859.3597599,18478808
4/20/2021,858.0734863,866.1299452,853.2440999,862.2935362,17203668
4/22/2021,860.4430542,864.0763909,847.0381262,854.0565403,14490954
4/23/2021,859.5178833,866.0849064,855.4557782,860.2626016,11828857
4/26/2021,874.6378174,885.5378274,862.7448895,866.5813583,20846778
4/27/2021,897.5661011,901.4250736,874.818351,875.6081964,19992524
4/28/2021,901.4702759,906.2996627,893.7297666,901.7185352,17122437
4/29/2021,913.5437012,922.7737059,905.9837013,913.024619,17412606
4/30/2021,900.2064209,918.9371927,897.0696031,906.5252434,19828769
5/3/2021,884.2063599,893.2106695,877.0074368,887.343178,23640186
5/4/2021,865.0467529,888.1556414,862.5192714,880.121686,21849830
5/5/2021,866.6264648,874.931183,861.1877418,868.0933376,12393609
5/6/2021,871.5460815,873.351468,860.5332541,867.4162862,14624666
5/7/2021,871.8847046,882.6718377,869.2894724,874.5927547,12288548
5/10/2021,869.3796997,878.677396,867.0101634,875.1569369,13941237
5/11/2021,872.5165405,874.9537676,862.0678622,864.3246402,13478264
5/12/2021,863.489563,872.4036175,860.7138224,871.1398768,13177961
5/14/2021,874.3895874,876.5108643,860.2625054,870.2146051,13291616
5/17/2021,884.7931519,886.1922743,871.2753456,874.3896599,11873078
5/18/2021,897.2501831,903.8623926,890.2768963,894.1133651,12064918
5/19/2021,901.3572998,910.1134084,890.0511465,893.6618594,16317002
5/20/2021,896.0992432,907.6085298,894.1133479,901.7410386,11422532
5/21/2021,903.8397827,907.0217278,896.3700374,899.0780872,10785605
5/24/2021,896.2120361,907.1120456,894.5646546,906.2995769,8551760
5/25/2021,886.0568237,901.3348285,884.6350781,901.0640056,14780102
5/26/2021,889.1710815,893.4363183,887.027241,891.4052361,7480204
5/27/2021,891.9017334,899.529424,885.6506015,889.283938,26819294
5/28/2021,945.4763794,950.0800704,898.1754901,898.1754901,56469931
5/31/2021,975.0393066,989.211515,941.0756583,948.7259122,59124142
6/1/2021,978.9209595,993.8604505,968.8107952,977.6120319,28013832
6/2/2021,993.5219116,997.2455025,973.5499026,973.5499026,24630162
6/3/2021,997.3133545,1015.525107,991.1976629,1002.436068,23974257
6/4/2021,988.6699829,1000.382342,985.8490554,999.6376236,14468646
6/7/2021,1005.324524,1011.914169,986.1875472,993.8604246,16336573
6/8/2021,999.5473633,1005.211722,992.122745,1004.963523,9674735
6/9/2021,981.6741943,1002.435991,973.9787527,1001.533327,11409161
6/10/2021,985.2849731,1006.498161,982.8251227,989.9789186,14155653
6/11/2021,1002.375305,1009.101195,987.4063735,988.6745798,13762778
6/14/2021,1016.755432,1022.801874,994.1774433,1003.213203,20332436
6/15/2021,1019.065247,1030.342889,1014.671929,1024.047382,15174215
6/16/2021,1001.673218,1017.729157,999.0689384,1016.75542,10797349
6/17/2021,1003.507507,1012.2715,987.3157153,996.4193416,15745975
6/18/2021,1008.036682,1012.271504,989.3311798,1007.968755,29369026
6/21/2021,1013.290588,1017.932971,996.4873943,998.0046654,12186448
6/22/2021,1008.082031,1024.047462,1005.183342,1020.876946,12871913
6/23/2021,998.8425293,1019.337011,997.1893447,1019.065304,16653951
6/24/2021,975.3587036,1003.031979,969.2443347,999.5218897,91461975
6/25/2021,953.1431274,975.3587813,942.5675135,975.3587813,55355022
6/28/2021,944.7867432,963.1299098,942.5221576,961.0918068,20277042
6/29/2021,945.6019897,955.2038659,943.9262228,946.3719464,27144063
6/30/2021,955.9512329,961.3862145,947.0740284,949.4291831,19762858
7/1/2021,950.1990967,961.6125928,948.8629637,959.2800806,12534407
7/2/2021,964.2848511,966.0286047,947.9345028,949.7688255,14086620
7/5/2021,973.8640747,975.3813458,965.3944914,967.6364346,11702287
7/6/2021,962.3599243,973.275231,960.2765369,971.4862528,10070124
7/7/2021,955.6794434,963.6961219,950.2218196,963.6961219,10454892
7/8/2021,947.776062,958.8046409,942.5222185,958.8046409,11185460
7/9/2021,938.0836182,947.3684434,935.773748,945.6926164,9037675
7/12/2021,943.9262085,951.8069732,939.5781756,941.9559724,8585292
7/13/2021,950.9917603,952.5090314,945.7152148,951.1276138,6717133
7/14/2021,944.7867432,954.2300636,942.635369,951.2860904,8532544
7/15/2021,943.133606,948.8629965,941.3898524,948.8629965,9448356
7/16/2021,956.7437744,957.8081404,945.5114159,945.5793426,8828185
7/19/2021,950.6521606,961.9977318,947.6176181,951.1277081,8354449
7/20/2021,948.319458,954.7509383,943.880916,950.901095,6741464
7/22/2021,960.5029907,961.952335,950.2897136,959.733034,7972397
7/23/2021,953.7092285,966.7306251,952.056044,966.7306251,9937030
7/26/2021,940.6425781,960.63887,938.0382987,954.7509835,12389668
7/27/2021,930.7463379,943.7450933,924.858451,940.6199818,10824523
7/28/2021,922.7523193,932.105071,913.1957274,932.105071,12897848
7/29/2021,929.9536133,939.5328466,925.4923693,930.2933071,13765738
7/30/2021,921.8239136,936.6116475,919.9216041,932.1051183,11350608
8/2/2021,938.6724243,941.7975357,924.4734496,930.429323,10925104
8/3/2021,945.5793457,947.0513323,934.9131634,946.5984272,11817299
8/4/2021,952.8261108,957.4684934,945.2396951,948.591289,13169800
8/5/2021,966.6400757,975.9474828,953.0525024,957.6043158,21252078
8/6/2021,946.1682129,972.3921458,941.5031281,964.6925187,16620987
8/9/2021,940.7784424,946.5078931,935.9548619,942.5221961,7494143
8/10/2021,945.715271,957.0156171,939.2385655,942.9751379,11919198
8/11/2021,958.9630737,960.1859355,943.6091648,949.7461759,9184963
8/12/2021,955.8832397,962.9940478,953.3921717,962.4052292,8137612
8/13/2021,971.8032837,973.7282353,955.1812282,958.9630849,12780901
8/16/2021,984.4170532,997.7781438,963.8772278,973.4791039,21935444
8/17/2021,980.2276611,989.7162669,972.7998008,982.3111087,12658169
8/18/2021,984.0321655,990.4409444,974.9511803,984.6436264,10075860
8/20/2021,972.980957,983.7377088,967.8856094,970.6031002,9426282
8/23/2021,979.3671265,984.6436123,965.7569101,984.6436123,9854395
8/24/2021,989.0368652,992.7960796,976.3098178,980.589924,11864472
8/25/2021,997.5969849,1005.47781,987.4063496,989.8068487,13380559
8/26/2021,1010.210754,1016.755446,998.6839861,1000.042761,18589616
8/27/2021,1008.829346,1015.781718,1003.688773,1013.177379,10480636
8/30/2021,1028.236816,1030.773229,1013.086748,1019.065263,14027062
8/31/2021,1022.756592,1034.351227,1015.555155,1031.248758,26485463
9/1/2021,1026.810181,1038.495505,1024.953276,1029.482447,11145486
9/2/2021,1039.174805,1045.243889,1021.329828,1021.329828,9956770
9/3/2021,1081.794434,1084.738407,1042.843514,1046.240332,30664428
9/6/2021,1098.597656,1123.236388,1092.437883,1092.890848,33641710
9/7/2021,1105.527344,1113.272195,1092.43796,1100.590492,17349882
9/8/2021,1101.202026,1111.460649,1090.014951,1110.554838,14301651
9/9/2021,1098.597656,1104.145849,1094.294908,1099.63932,8963249
9/13/2021,1074.117554,1101.949327,1072.532356,1101.949327,16311160
9/14/2021,1072.713379,1084.285371,1071.603669,1075.679994,8908356
9/15/2021,1077.174683,1085.07803,1072.736081,1072.736081,9071075
9/16/2021,1099.775269,1103.647694,1072.056707,1078.646684,13448882
9/17/2021,1082.722778,1112.298361,1075.951665,1107.837117,34882133
9/20/2021,1084.44397,1095.313932,1073.415392,1074.366487,11779819
9/21/2021,1089.131714,1094.521411,1079.75626,1089.267567,9915736
9/22/2021,1100.817017,1106.025455,1086.210362,1090.626322,10995912
9/23/2021,1127.720337,1130.936017,1107.610774,1108.4713,15748397
9/24/2021,1124.459106,1134.763011,1119.612944,1133.902486,15192163
9/27/2021,1143.36853,1145.837016,1121.107713,1126.406841,15373834
9/28/2021,1154.057495,1161.689135,1138.092065,1147.693941,18035258
9/29/2021,1144.908569,1163.99899,1141.375778,1163.99899,9719875
9/30/2021,1141.013306,1147.965677,1132.453214,1143.617645,13590654
10/1/2021,1143.028931,1150.320937,1130.030236,1133.177989,8958928
10/4/2021,1157.726318,1166.195843,1149.075536,1156.299616,10918552
10/5/2021,1181.753418,1183.021624,1153.740388,1157.250538,13533634
10/6/2021,1159.401855,1186.622165,1155.438861,1186.622165,10258881
10/7/2021,1165.08606,1177.020448,1162.957328,1175.321919,6336665
10/8/2021,1209.856934,1215.812806,1169.207488,1170.905897,15772493
10/11/2021,1201.432617,1231.936654,1198.126368,1223.512415,14768666
10/12/2021,1208.294434,1215.17888,1196.269475,1197.968004,6682011
10/13/2021,1220.591187,1231.710334,1208.973789,1213.367107,9959762
10/14/2021,1223.05957,1230.7819,1217.081054,1223.036928,8623469
10/18/2021,1226.320435,1243.25948,1205.803194,1208.656597,13594479
10/19/2021,1237.303711,1246.13563,1226.501675,1233.657708,8833409
10/20/2021,1223.05957,1242.240682,1219.028649,1242.240682,12710570
10/21/2021,1187.777222,1235.560061,1179.035871,1235.288354,20831669
10/22/2021,1189.996582,1206.981034,1182.795144,1186.644928,11027475
10/25/2021,1178.401733,1213.81998,1163.998979,1213.81998,17198417
10/26/2021,1205.237305,1208.792739,1179.01337,1185.33164,9750178
10/27/2021,1189.996582,1212.370732,1186.622286,1201.138372,9896298
10/28/2021,1176.952393,1194.774727,1173.283867,1186.644838,9886181
10/29/2021,1148.713257,1175.843003,1133.064936,1175.843003,14233025
11/1/2021,1149.415161,1157.658262,1129.622589,1148.713131,15481114
11/2/2021,1132.656982,1154.034749,1130.143332,1152.675974,10569130
11/3/2021,1124.867065,1141.353269,1114.631085,1135.034999,11989430
11/4/2021,1131.773926,1134.514119,1127.765646,1129.10166,1705656
11/8/2021,1133.177856,1141.35303,1112.547404,1141.081203,20337183
11/9/2021,1142.123291,1145.384256,1126.429686,1134.559576,15682497
11/10/2021,1154.895386,1158.564031,1133.947939,1139.858528,10253470
11/11/2021,1157.001587,1164.225547,1148.396089,1150.434252,10722478
11/12/2021,1174.461426,1177.020481,1158.111077,1160.783343,8712341
11/15/2021,1167.53186,1178.583082,1163.999068,1177.586582,4803269
11/16/2021,1140.4021,1166.263636,1130.030266,1164.927503,11337581
11/17/2021,1115.989746,1131.819203,1114.630971,1131.819203,10202029
11/18/2021,1120.201904,1127.312773,1109.671575,1114.178104,8505625
11/22/2021,1070.584839,1109.196129,1064.810103,1103.353467,24124307
11/23/2021,1080.594116,1087.569131,1045.78745,1056.680055,25326999
11/24/2021,1064.991089,1091.486724,1061.435655,1077.944497,16820296
11/25/2021,1129.101807,1133.200775,1067.595592,1074.774388,42401936
11/26/2021,1092.709717,1122.149327,1087.682296,1117.710725,15763138
11/29/2021,1105.799072,1132.294831,1086.595319,1104.712124,24325354
11/30/2021,1089.448853,1121.379597,1081.953065,1117.80152,32172299
12/1/2021,1117.348633,1120.519029,1098.371301,1101.949378,10104610
12/2/2021,1124.527222,1130.573664,1114.902703,1118.571348,12720411
12/3/2021,1090.73938,1131.615244,1087.002808,1131.56996,19222481
12/6/2021,1070.063843,1098.325938,1067.595477,1094.249732,10332254
12/7/2021,1078.782593,1088.814673,1068.886366,1076.201015,11235122
12/8/2021,1095.200806,1101.405744,1089.856393,1097.918356,8744178
12/9/2021,1112.57019,1120.926503,1098.325931,1102.855103,13213547
12/10/2021,1113.702515,1116.895553,1100.748985,1105.232871,8364414
12/13/2021,1091.373657,1120.564205,1088.814602,1120.292497,12901733
12/14/2021,1078.012573,1089.720539,1074.955389,1077.944646,12991523
12/15/2021,1074.864746,1089.2675,1069.384361,1079.756193,9366969
12/16/2021,1088.769409,1094.023253,1072.804098,1089.58465,9761279
12/17/2021,1060.03186,1090.626471,1050.769617,1086.119942,21049821
12/20/2021,1031.452637,1049.795744,1017.751792,1049.795744,14325846
12/21/2021,1046.806396,1062.545283,1038.178378,1046.851681,12836561
12/22/2021,1071.649048,1074.276029,1051.675458,1052.988829,17658543
12/23/2021,1071.26416,1077.944706,1068.003195,1075.227155,9072401
12/24/2021,1074.683716,1083.379662,1058.718285,1073.41551,7886494
12/27/2021,1073.528564,1077.038714,1063.496486,1069.588212,4017223
12/28/2021,1086.278198,1089.199529,1074.796776,1075.951651,6374613
12/29/2021,1088.135376,1095.608521,1078.895776,1082.926817,15425312
12/30/2021,1068.47876,1089.245071,1062.36439,1087.003127,29333171
12/31/2021,1072.577637,1079.711028,1068.886349,1074.774296,9477290
1/3/2022,1088.746704,1090.603729,1070.494166,1071.150911,5421611
1/4/2022,1113.317505,1114.630996,1088.814624,1094.204441,10847728
1/5/2022,1118.526001,1121.877655,1101.926588,1115.083898,11643813
1/6/2022,1094.476074,1111.460525,1091.079136,1110.192319,14447422
1/7/2022,1103.308105,1113.294901,1092.234242,1101.020878,13112115
1/10/2022,1104.213745,1112.819241,1094.272236,1110.554656,9246731
1/11/2022,1112.16272,1120.949236,1102.855192,1103.308157,16205164
1/12/2022,1141.851318,1143.595132,1116.442627,1119.296031,14800442
1/13/2022,1148.282837,1150.864534,1136.099383,1141.919403,11856712
1/14/2022,1149.958496,1162.776052,1144.002623,1148.146876,19930176
1/17/2022,1155.959717,1161.734452,1149.052749,1149.505714,8036453
1/18/2022,1142.168335,1160.534083,1139.428142,1157.091981,6215029
1/19/2022,1142.077881,1151.317362,1136.371072,1145.88238,9755485
1/20/2022,1122.081421,1136.801286,1111.913369,1132.3174,16494486
1/21/2022,1122.262573,1133.313793,1110.554727,1110.554727,13338594
1/24/2022,1076.993652,1134.4463,1066.667103,1120.971877,21868937
1/25/2022,1074.887451,1081.862346,1043.975733,1064.153222,24510205
1/27/2022,1058.967407,1067.11994,1046.716026,1058.016312,20020431
1/28/2022,1057.948242,1076.087568,1054.574066,1071.150836,14667727
1/31/2022,1080.933838,1089.901611,1067.165067,1068.976808,12143683
2/1/2022,1077.355835,1096.333045,1063.043649,1090.626357,13200509
2/2/2022,1079.55249,1090.173388,1075.725349,1090.173388,10017691
2/3/2022,1065.602539,1087.659695,1063.088889,1083.379589,9572839
2/4/2022,1055.887573,1063.655187,1051.267833,1060.280891,11061241
2/7/2022,1049.456177,1067.437009,1043.975791,1060.733821,10714467
2/8/2022,1067.097168,1068.886266,1046.240291,1055.593102,12060849
2/9/2022,1079.529785,1081.205552,1067.980435,1073.936188,11486225
2/10/2022,1078.420166,1085.055307,1071.196087,1085.055307,12464491
2/11/2022,1076.314209,1079.982855,1061.684911,1074.887507,15943370
2/14/2022,1059.171265,1066.599125,1047.599152,1059.941221,10719633
2/15/2022,1095.132935,1097.827843,1057.880422,1064.900602,11212671
2/16/2022,1092.868286,1101.949271,1085.168719,1100.590495,10392840
2/17/2022,1106.704834,1111.868108,1091.532123,1096.106579,12853252
2/18/2022,1098.054199,1112.547523,1096.129248,1107.112541,6775458
2/21/2022,1086.957642,1103.987377,1080.028032,1092.437907,11107193
2/22/2022,1082.020874,1085.146105,1063.066306,1065.670525,13494914
2/23/2022,1075.249634,1089.969498,1072.509561,1087.501133,7310110
2/24/2022,1021.669617,1059.782776,1016.076139,1043.975841,24846650
2/25/2022,1034.442017,1045.31198,1030.954509,1032.698203,14570089
2/28/2022,1068.682495,1072.215287,1015.894993,1015.894993,21297446
3/2/2022,1086.346436,1087.456146,1054.936581,1057.314379,21471786
3/3/2022,1077.174683,1093.728811,1073.43811,1087.002982,10186748
3/4/2022,1053.283203,1070.83371,1050.928049,1065.715721,10805667
3/7/2022,1014.332397,1047.191592,1006.383645,1032.064045,17983310
3/8/2022,1012.498047,1017.253761,987.3611212,1001.628023,21289374
3/9/2022,1066.213989,1072.056651,1011.886461,1012.724464,20414228
3/10/2022,1083.49292,1089.267655,1068.886384,1087.00307,17980493
3/11/2022,1086.61792,1091.985094,1076.155518,1076.155518,12257423
3/14/2022,1095.540405,1098.054175,1075.227063,1081.069724,8340678
3/15/2022,1070.44873,1099.661917,1060.212752,1099.661917,15925769
3/16/2022,1088.520142,1090.580947,1076.631039,1078.85034,11149828
3/17/2022,1124.00647,1131.117218,1093.842064,1101.836101,21422098
3/21/2022,1117.529785,1125.048215,1104.666943,1106.931528,11999466
3/22/2022,1146.403198,1148.12425,1111.279421,1114.223274,22557065
3/23/2022,1150.049316,1161.666716,1142.712144,1142.712144,15462187
3/24/2022,1167.916626,1170.407754,1136.823892,1136.823892,13168266
3/25/2022,1175.706909,1184.833178,1167.169339,1169.660467,14222488
3/28/2022,1187.528198,1191.06087,1171.472199,1182.115739,9891424
3/29/2022,1187.799927,1194.797464,1180.938243,1194.797464,8684065
3/30/2022,1210.627075,1217.443475,1185.331594,1195.658143,15811550
3/31/2022,1193.325439,1209.155016,1190.540082,1207.003642,13223718
4/1/2022,1202.88208,1207.09426,1187.550872,1193.891664,7922880
4/4/2022,1206.4375,1211.55549,1196.450705,1202.700928,7929162
4/5/2022,1189.385132,1209.245631,1186.96205,1200.730703,13149870
4/6/2022,1186.214722,1193.212259,1171.74404,1171.74404,12257215
4/7/2022,1165.289917,1180.304133,1162.640293,1175.367281,15496499
4/8/2022,1184.674683,1188.909504,1159.469774,1159.469774,15152495
4/11/2022,1182.206299,1195.046497,1169.886873,1177.586439,9254209
4/12/2022,1159.945557,1178.764273,1157.386502,1171.698688,13217742
4/13/2022,1155.68811,1174.23512,1152.902633,1166.037302,10354235
4/18/2022,1152.155151,1159.379231,1142.168357,1147.241062,9974224
4/19/2022,1196.065796,1208.385225,1155.416461,1158.564215,26141820
4/20/2022,1231.234741,1238.277683,1199.824891,1203.448252,25072240
4/21/2022,1260.062988,1263.1881,1237.371728,1245.93194,21708633
4/22/2022,1249.51001,1269.076039,1242.897391,1249.555294,15054154
4/25/2022,1220.613892,1249.328834,1206.414916,1242.082232,17063215
4/26/2022,1257.141479,1265.905471,1226.365737,1227.407401,12227666
4/27/2022,1258.364746,1280.85211,1247.811653,1248.174049,19338945
4/28/2022,1277.160522,1291.268927,1261.874481,1272.676636,25614076
4/29/2022,1263.754272,1293.601566,1257.888968,1293.601566,18214862
5/2/2022,1259.315552,1270.661121,1249.170142,1250.95924,9467006
5/4/2022,1220.002319,1263.641026,1212.144257,1261.37644,19247660
5/5/2022,1196.11084,1236.465817,1192.079918,1233.521844,17210669
5/6/2022,1186.939331,1204.308701,1174.665189,1183.11219,19649948
5/9/2022,1140.58313,1176.273082,1135.46514,1166.240884,18083752
5/10/2022,1120.813232,1144.342375,1113.272162,1130.03019,19511677
5/11/2022,1109.331909,1125.478478,1096.944555,1119.907523,16643899
5/12/2022,1086.731323,1102.787203,1073.415516,1099.458311,20490321
5/13/2022,1099.050537,1122.330495,1093.95519,1098.77883,19308778
5/16/2022,1099.322388,1123.689294,1094.544032,1102.605995,13437911
5/17/2022,1145.497314,1150.366239,1101.496331,1102.900391,16551828
5/18/2022,1149.664185,1163.999012,1136.031387,1150.253003,17276788
5/19/2022,1123.168457,1137.95625,1116.918234,1125.048124,14699118
5/20/2022,1188.660522,1197.696223,1133.200752,1137.956347,21793091
5/23/2022,1180.71167,1201.840253,1174.416043,1191.853339,15252755
5/24/2022,1184.765381,1194.797461,1176.544922,1180.757101,13527818
5/25/2022,1183.021606,1203.267023,1178.265893,1193.438724,12714544
5/26/2022,1171.744019,1193.393495,1154.034894,1188.637782,17882023
5/27/2022,1166.308838,1179.918993,1150.45674,1174.438727,16521973
5/30/2022,1206.935791,1211.102566,1174.959764,1184.380383,13853398
5/31/2022,1192.37439,1213.276553,1184.697465,1196.337385,70620653
6/1/2022,1192.759399,1202.587699,1184.923859,1193.121676,9776989
6/2/2022,1233.884399,1237.575687,1192.985883,1192.985883,22126569
6/3/2022,1258.885376,1276.028324,1241.900923,1242.806854,23939791
6/6/2022,1253.473145,1274.511163,1246.339633,1259.112027,11093152
6/7/2022,1255.828247,1264.139276,1246.452912,1254.537398,12358255
6/8/2022,1233.771118,1259.564728,1230.260969,1255.828156,12479250
6/9/2022,1267.604126,1269.528958,1227.407639,1227.407639,17278305
6/10/2022,1229.33252,1263.595773,1223.557784,1255.443241,18093057
6/13/2022,1206.075073,1210.55896,1184.969131,1200.232531,17620803
6/14/2022,1190.313599,1210.128814,1183.678337,1200.255229,14714312
6/15/2022,1175.910889,1194.48054,1170.521191,1185.535408,11195535
6/16/2022,1159.469849,1204.331357,1156.752298,1188.003651,17111475
6/17/2022,1173.057495,1188.841669,1157.703644,1159.46998,24457187
6/20/2022,1151.792969,1185.331551,1141.851338,1179.851165,12066797
6/21/2022,1170.385254,1174.597314,1145.112416,1159.469886,11720049
6/22/2022,1134.831177,1158.699956,1132.747729,1158.609386,10617206
6/23/2022,1116.419922,1143.61771,1107.384222,1139.111181,19446323
6/24/2022,1132.317505,1137.276879,1117.801419,1123.23652,14240234
6/27/2022,1128.96582,1152.65346,1123.9384,1152.65346,15474529
6/28/2022,1144.840576,1147.671338,1124.187598,1124.187598,13572847
6/29/2022,1168.596069,1176.227829,1132.74762,1135.55574,19205146
6/30/2022,1175.616455,1184.788009,1162.187437,1168.528229,23112959
7/1/2022,1090.943481,1173.963321,1071.151027,1166.218469,81997149
7/4/2022,1093.208008,1106.025565,1071.649099,1077.469119,41857728
7/5/2022,1102.0625,1116.397328,1094.747851,1097.420118,17647327
7/6/2022,1092.370117,1106.002916,1081.56808,1096.10669,23943726
7/7/2022,1081.613281,1102.062478,1075.68005,1098.733586,23301033
7/8/2022,1083.10791,1095.15551,1079.099511,1095.15551,19010108
7/11/2022,1097.827881,1100.047062,1073.415567,1076.359541,13847467
7/12/2022,1096.265015,1104.983722,1088.814513,1088.814513,10778989
7/13/2022,1076.834961,1102.402268,1074.774275,1099.367726,14224132
7/14/2022,1085.712158,1102.379618,1076.563247,1081.568025,16970315
7/15/2022,1087.818115,1093.79663,1079.348592,1093.79663,9603210
7/18/2022,1097.080444,1098.325888,1083.515454,1096.514268,15160908
7/19/2022,1103.806396,1108.290283,1087.138935,1087.138935,16439888
7/20/2022,1133.653564,1151.543828,1126.067208,1150.411595,23924246
7/21/2022,1126.089722,1132.294779,1117.484345,1129.577229,16523230
7/22/2022,1133.698975,1139.677491,1130.030329,1132.294915,10969995
7/25/2022,1096.242554,1117.552398,1088.361848,1117.552398,23110452
7/26/2022,1096.740845,1106.886256,1092.143746,1096.559707,11303288
7/27/2022,1095.698975,1099.231646,1087.908719,1096.038609,8655086
7/28/2022,1112.864624,1117.778714,1096.514276,1103.308032,12496073
7/29/2022,1136.574707,1140.039572,1115.989658,1120.835821,15130683
8/1/2022,1166.195679,1172.038341,1135.736925,1140.968126,15700044
8/2/2022,1170.634277,1181.119322,1160.171875,1165.131369,13917913
8/3/2022,1180.462646,1182.115771,1162.84421,1177.5866,14250977
8/4/2022,1164.859741,1185.626053,1148.147114,1182.115903,14467127
8/5/2022,1147.69397,1167.984671,1144.500932,1166.716585,13942438
8/8/2022,1162.708252,1170.136112,1146.33526,1146.33526,10165178
8/10/2022,1169.660645,1173.012179,1158.133816,1167.124232,10724688
8/11/2022,1173.555664,1182.070473,1168.618812,1178.990646,8198226
8/12/2022,1192.532715,1196.314571,1169.524585,1173.19311,12650587
8/16/2022,1200.821167,1203.538718,1189.951205,1198.511297,6607378
8/17/2022,1207.093994,1212.415763,1202.745962,1207.026067,6595965
8/18/2022,1209.283325,1212.782091,1199.695552,1208.692585,7410035
8/19/2022,1187.722168,1209.464998,1183.677974,1204.14858,9460724
8/22/2022,1184.427734,1195.651309,1175.067243,1189.153532,9471680
8/23/2022,1202.69458,1205.602727,1177.498295,1178.702491,9678484
8/24/2022,1199.490845,1213.236391,1197.491584,1199.649978,10369622
8/25/2022,1195.992188,1210.010208,1191.698116,1203.671444,7871946
8/26/2022,1189.607788,1204.148519,1184.609517,1196.423711,10742038
8/29/2022,1180.36084,1206.420455,1171.454672,1174.612696,19838975
8/30/2022,1198.672974,1201.990131,1170.795827,1187.790261,23139054
9/1/2022,1163.434692,1183.678017,1159.02704,1173.545057,19909939
9/2/2022,1149.848145,1170.227764,1147.667035,1163.434557,12999345
9/5/2022,1167.706055,1173.022473,1150.075446,1150.075446,11327815
9/6/2022,1179.997314,1184.155089,1168.705591,1169.160034,10899618
9/7/2022,1173.136108,1179.111415,1167.796974,1170.068949,7488501
9/8/2022,1174.794434,1180.519861,1168.251225,1176.089494,7057077
9/9/2022,1167.478882,1185.972703,1165.07049,1185.972703,8314850
9/12/2022,1180.542725,1186.881609,1168.046805,1168.046805,7435419
9/13/2022,1190.403076,1194.924309,1181.883202,1189.607891,8888657
9/14/2022,1176.134888,1185.972537,1169.046372,1170.068718,8678219
9/15/2022,1164.479858,1183.041828,1161.776157,1173.704053,10365600
9/16/2022,1135.625488,1160.072016,1131.899441,1155.868809,20217708
9/19/2022,1137.102539,1146.304018,1127.514766,1135.62575,7580254
9/20/2022,1137.28418,1153.119972,1133.580848,1146.190348,8411448
9/21/2022,1140.419678,1150.984365,1133.717335,1134.51252,9207309
9/22/2022,1129.673096,1137.352352,1123.311615,1129.627663,10308170
9/23/2022,1108.498291,1134.148898,1106.953353,1129.173343,9528051
9/26/2022,1080.257568,1098.637929,1079.257938,1087.845961,12479523
9/27/2022,1088.845581,1102.363845,1072.41917,1087.823115,16154822
9/28/2022,1059.855225,1080.552992,1057.424237,1072.532873,16997059
9/29/2022,1056.606323,1075.781749,1051.017192,1072.373847,14671827
9/30/2022,1080.439331,1091.45834,1050.10836,1050.10836,18613024
10/3/2022,1076.690552,1098.251531,1073.736973,1086.687214,11852723
10/4/2022,1096.547485,1098.728595,1086.073665,1089.549834,8948850
10/6/2022,1100.591675,1113.269323,1098.79686,1103.727103,13352162
10/7/2022,1105.24939,1110.497659,1097.206555,1097.206555,7714340
10/10/2022,1093.185303,1098.547153,1085.097035,1092.821724,6329527
10/11/2022,1071.419312,1096.9109,1068.329437,1096.9109,9215177
10/12/2022,1079.303345,1082.234207,1064.694464,1068.738658,7417103
10/13/2022,1082.734131,1087.823267,1072.419321,1077.55401,7328492
10/14/2022,1077.235718,1097.978915,1076.508681,1097.36546,9106089
10/17/2022,1094.525635,1096.91119,1064.921817,1070.101938,16729355
10/18/2022,1113.837524,1119.176659,1099.705801,1100.546419,12415820
10/19/2022,1133.217285,1148.644066,1109.497793,1115.314085,19247142
10/20/2022,1136.261841,1144.622702,1129.173324,1129.173324,8717053
10/21/2022,1123.084229,1143.622981,1120.994104,1139.487923,8243452
10/24/2022,1126.83313,1137.125224,1115.677823,1117.81338,3370033
10/25/2022,1109.42981,1135.534861,1107.816723,1135.534861,12233241
10/27/2022,1113.79187,1121.652975,1105.453726,1116.904462,12513059
10/28/2022,1147.871704,1151.893062,1117.563448,1120.0853,17609592
10/31/2022,1158.527222,1163.684626,1150.620684,1154.619445,12419943
11/1/2022,1149.552856,1181.428644,1139.624342,1181.428644,13963166
11/2/2022,1156.7323,1158.799829,1142.805144,1150.666129,8981896
11/3/2022,1161.049194,1163.048575,1147.371915,1149.553025,6693449
11/4/2022,1178.134399,1181.42872,1159.208852,1160.481076,12575815
11/7/2022,1184.427734,1186.109089,1169.614529,1177.339218,11789748
11/9/2022,1183.246338,1191.402753,1176.907454,1186.109052,11254205
11/10/2022,1168.932983,1179.861129,1164.616196,1176.884834,5966242
11/11/2022,1195.878662,1197.787058,1175.976079,1181.428794,12310132
11/14/2022,1190.085083,1200.513474,1183.768915,1195.401501,9043112
11/15/2022,1184.745972,1193.424859,1176.884865,1191.561895,7086433
11/16/2022,1177.952759,1188.676459,1172.954367,1185.972758,9716161
11/17/2022,1180.997314,1187.33608,1172.341022,1174.590281,6661451
11/18/2022,1180.36084,1185.518244,1168.296649,1184.495778,5303197
11/21/2022,1159.118042,1175.976061,1155.573723,1175.976061,6390268
11/22/2022,1165.547607,1167.115261,1152.574649,1156.436994,6611488
11/23/2022,1161.912476,1171.386668,1159.731366,1170.068892,6413408
11/24/2022,1171.932007,1178.702498,1157.891149,1165.979417,9389439
11/25/2022,1189.426147,1192.743184,1173.295045,1176.430473,7349922
11/28/2022,1230.299072,1236.433391,1136.898004,1185.47292,31527484
11/29/2022,1232.411987,1241.250008,1224.14199,1228.663223,11058913
11/30/2022,1241.11377,1247.520803,1226.050564,1232.548462,26164986
12/1/2022,1237.455811,1251.860127,1234.138773,1245.862104,9485801
12/2/2022,1236.933105,1248.679272,1227.140888,1240.50014,11589592
12/5/2022,1218.893555,1234.479348,1216.871578,1232.320955,14828536
12/6/2022,1222.415283,1225.505159,1209.146895,1211.009979,8594245
12/7/2022,1204.375854,1224.596464,1200.581658,1220.052515,8462111
12/8/2022,1203.807739,1210.964525,1199.650085,1208.69255,7757008
12/9/2022,1185.563721,1208.692474,1182.26928,1202.330874,12655763
12/12/2022,1187.381348,1191.879864,1174.612834,1174.840116,9479842
12/13/2022,1192.788696,1196.423759,1184.473148,1187.381294,8333348
12/14/2022,1188.471802,1199.127352,1186.426989,1198.536612,7268947
12/15/2022,1171.591064,1188.244638,1168.251311,1182.564762,8688551
12/16/2022,1165.797485,1189.971422,1162.4123,1168.251309,15837349
12/19/2022,1181.110596,1183.246273,1166.297271,1172.795168,7729933
12/20/2022,1191.334595,1193.242991,1165.979299,1174.112998,7467588
12/21/2022,1174.385742,1196.423884,1170.56883,1190.971169,8527550
12/22/2022,1171.341187,1183.541676,1166.320079,1180.519949,7451122
12/23/2022,1136.988892,1177.112083,1132.467659,1164.75246,10257115
12/26/2022,1146.91748,1155.073897,1132.53588,1142.691677,5990242
12/27/2022,1156.300659,1158.163623,1142.918691,1149.621033,5763271
12/28/2022,1156.187134,1158.618121,1145.758744,1153.256271,7459393
12/29/2022,1155.664429,1158.208997,1147.576162,1148.257766,6930648
12/30/2022,1157.436646,1170.977627,1154.664916,1156.482448,7289476
1/2/2023,1170.477905,1171.886546,1157.891121,1158.709022,5316175
1/3/2023,1161.912476,1169.160126,1157.709389,1165.547659,7658932
1/4/2023,1144.418335,1163.730179,1142.350806,1161.889811,9264891
1/5/2023,1142.373535,1152.529332,1137.80687,1146.667607,13637099
1/6/2023,1152.756348,1157.777455,1144.304622,1148.098818,6349597
1/9/2023,1179.974609,1182.337568,1155.687212,1156.573262,10722753
1/10/2023,1162.525879,1184.155128,1156.891435,1184.155128,8047142
1/11/2023,1147.871704,1162.344168,1145.576893,1159.845032,11509553
1/12/2023,1123.084229,1150.75693,1120.085218,1147.28088,17688773
1/13/2023,1121.266846,1123.675117,1106.27179,1117.086355,20618583
1/16/2023,1110.588501,1126.742199,1102.81826,1123.584175,13623855
1/17/2023,1126.356079,1128.264475,1113.542133,1116.904603,10751000
1/18/2023,1124.493042,1131.945138,1117.972548,1123.947855,13448286
1/19/2023,1123.288818,1127.423756,1116.291046,1123.674993,11940054
1/20/2023,1109.929688,1124.629313,1107.475984,1124.629313,14930286
1/23/2023,1104.317749,1120.63058,1101.909478,1112.815027,10954118
1/24/2023,1097.797241,1110.383904,1084.801447,1108.725386,16488755
1/25/2023,1082.620361,1097.229242,1081.461718,1096.206895,12385018
1/27/2023,1062.081787,1084.801532,1050.403769,1083.46116,25830975
1/30/2023,1072.260254,1077.781117,1045.564465,1059.514457,21772103
1/31/2023,1069.579346,1084.93798,1063.740336,1082.370576,22691594
2/1/2023,1063.240601,1081.439113,1047.382091,1081.439113,19347800
2/2/2023,1057.355957,1066.920893,1050.108308,1053.289048,13662663
2/3/2023,1058.287598,1067.375496,1041.929333,1067.375496,24699575
2/6/2023,1050.312744,1054.652247,1047.74546,1051.92583,14837879
2/7/2023,1047.790894,1057.560394,1041.929169,1050.562743,15135435
2/8/2023,1068.715942,1072.328409,1048.290889,1051.017186,21160332
2/9/2023,1070.578857,1077.303916,1060.559478,1069.397498,13172763
2/10/2023,1061.763672,1070.056384,1054.788616,1070.056384,10790445
2/13/2023,1055.720337,1067.829962,1051.267252,1063.376878,10352493
2/14/2023,1080.598389,1082.325056,1055.856548,1058.719262,14321920
2/15/2023,1105.067505,1107.45318,1078.280972,1079.64406,33503591
2/16/2023,1104.204224,1119.540141,1101.932249,1113.019528,17264487
2/17/2023,1108.816284,1112.133441,1095.366167,1099.637522,11809520
2/20/2023,1097.093018,1113.155852,1095.139069,1110.997458,8836937
2/21/2023,1106.044678,1111.815419,1096.161474,1101.455296,13311592
2/22/2023,1080.961792,1104.18141,1079.212409,1102.341162,11024335
2/23/2023,1075.781738,1088.164077,1072.987293,1080.552969,9851910
2/24/2023,1083.142822,1088.800101,1076.008874,1077.826405,9434053
2/27/2023,1075.940796,1085.846715,1068.602401,1082.370545,11199715
2/28/2023,1055.356567,1075.554457,1051.312494,1070.601498,21994038
3/1/2023,1065.057983,1065.78502,1055.674656,1065.103416,11551145
3/2/2023,1056.947144,1068.57973,1054.925047,1061.92282,9333535
3/3/2023,1083.915527,1087.573427,1063.990348,1067.443682,14643807
3/6/2023,1094.50293,1101.727864,1090.54972,1090.54972,10171916
3/8/2023,1098.433472,1099.183224,1083.733726,1094.502859,15782657
3/9/2023,1072.032959,1098.228873,1070.147279,1097.819982,16235128
3/10/2023,1055.424927,1065.103565,1051.948756,1063.967638,13334091
3/13/2023,1038.067017,1065.10355,1033.750229,1058.287626,12771592
3/14/2023,1034.181763,1047.359165,1031.046455,1036.02201,16027522
3/15/2023,1016.505859,1044.337576,1012.120923,1037.885231,21728555
3/16/2023,1011.439331,1024.207844,1000.670199,1019.209573,18363159
3/17/2023,1010.167053,1023.276308,1005.441315,1020.004703,34014213
3/20/2023,1000.238525,1008.75846,990.5826039,1006.486485,19524589
3/21/2023,1031.341797,1033.295745,1007.395143,1008.281193,21400360
3/22/2023,1034.477173,1041.224948,1031.478162,1038.294085,10920094
3/23/2023,1021.390625,1031.43272,1019.232231,1030.569387,16249370
3/24/2023,1001.170044,1022.390344,998.7617726,1020.23195,12375945
3/27/2023,1016.73291,1024.207721,999.7613122,1007.622357,14054323
3/28/2023,1021.481506,1025.343851,1016.483115,1020.118298,12576424
3/29/2023,1015.43811,1020.027492,1004.71435,1017.391939,18804065
3/31/2023,1059.219116,1064.85368,1024.526042,1024.662338,28171201
4/3/2023,1059.400757,1067.375443,1051.925945,1065.557912,10293043
4/5/2023,1056.856201,1066.921013,1048.995215,1066.921013,16262928
4/6/2023,1063.944824,1069.647537,1053.35742,1053.35742,18435046
4/10/2023,1056.401855,1068.011726,1054.90235,1067.829997,12961408
4/11/2023,1061.627319,1063.740281,1056.038308,1060.559541,10542367
4/12/2023,1066.307495,1075.917862,1058.764537,1061.62713,18179087
4/13/2023,1070.328979,1075.009225,1064.194661,1069.192932,12378208
4/17/2023,1075.759033,1101.886799,1067.398172,1101.886799,17929479
4/18/2023,1063.444946,1080.09852,1056.924333,1080.09852,10405576
4/19/2023,1068.738647,1071.419512,1059.741614,1062.854206,12273475
4/20/2023,1066.034912,1071.919353,1059.696148,1069.692811,7007330
4/21/2023,1067.375488,1072.828203,1061.65006,1068.125241,7647317
4/24/2023,1071.465088,1081.870642,1066.921019,1079.189777,12936186
4/25/2023,1079.66687,1081.734399,1068.05712,1075.100205,9236126
4/26/2023,1073.328125,1084.233675,1069.670225,1081.007382,8617834
4/27/2023,1080.121216,1083.27924,1074.191342,1079.189734,9167125
4/28/2023,1099.864624,1101.409682,1082.256854,1082.370434,15565210
5/2/2023,1109.202637,1111.361031,1103.318195,1106.998811,12981805
5/3/2023,1099.682983,1110.997423,1096.479527,1110.997423,7061872
5/4/2023,1112.360596,1114.564422,1097.183812,1100.160107,8635233
5/5/2023,1109.520508,1118.426675,1106.907792,1109.179766,8746585
5/8/2023,1123.220825,1128.559959,1110.611324,1113.269473,9153782
5/9/2023,1126.696777,1129.991218,1119.290114,1124.629248,6464721
5/10/2023,1134.444336,1135.921125,1127.446563,1131.445325,10872255
5/11/2023,1127.037598,1140.305865,1125.333527,1135.512039,10557860
5/12/2023,1128.87793,1130.263855,1116.222997,1122.266451,6955341
5/15/2023,1131.104492,1138.056713,1123.788693,1131.399922,6833343
5/16/2023,1114.996094,1135.80732,1113.337455,1133.262752,8717229
5/17/2023,1108.407349,1120.085246,1103.727103,1119.17648,8798967
5/18/2023,1106.021851,1116.450241,1102.886423,1113.064935,10525531
5/19/2023,1109.61145,1111.429102,1099.114912,1106.02182,8050447
5/22/2023,1115.541504,1120.539896,1105.249529,1106.453605,7434906
5/23/2023,1115.336792,1121.448394,1113.928151,1118.108641,6092034
5/24/2023,1108.838989,1119.630958,1105.749114,1111.406394,8112254
5/25/2023,1108.702759,1112.815101,1097.842762,1105.953745,11487863
5/26/2023,1138.942871,1140.078798,1113.610289,1116.90461,12626260
5/29/2023,1145.349731,1149.621087,1139.260845,1145.531461,10010304
5/30/2023,1145.054443,1153.119995,1142.509755,1145.349753,11342504
5/31/2023,1122.311768,1140.464966,1118.267694,1135.989166,27107927
6/1/2023,1119.290161,1129.127932,1116.904606,1126.969538,14592692
6/2/2023,1115.632202,1128.19627,1113.723806,1122.811704,15800644
6/5/2023,1125.651733,1128.605312,1117.109023,1121.085068,10908682
6/6/2023,1126.605835,1130.400031,1118.722134,1128.468919,7493309
6/7/2023,1135.14856,1135.989177,1123.538691,1130.08202,10312545
6/8/2023,1135.8302,1143.645874,1131.899707,1138.715631,12071109
6/9/2023,1127.787354,1139.874262,1125.992418,1139.169941,5877018
6/12/2023,1128.786987,1131.081678,1120.085264,1124.856495,6391969
6/13/2023,1145.463379,1146.644859,1129.741286,1133.717332,11248016
6/14/2023,1159.549561,1160.980918,1143.713889,1145.53142,13277380
6/15/2023,1159.867676,1164.411624,1152.120151,1159.526814,11813494
6/16/2023,1171.159424,1173.431398,1163.34375,1163.34375,24171579
6/19/2023,1159.526978,1174.158576,1155.369323,1174.158576,6798554
6/20/2023,1161.935059,1165.070366,1151.892964,1157.595676,6921096
6/21/2023,1165.206787,1167.728639,1157.800125,1161.88963,6961603
6/22/2023,1152.120239,1169.296404,1150.529869,1161.435419,7619166
6/23/2023,1142.69165,1151.166093,1141.442022,1149.121279,6628570
6/26/2023,1133.967041,1142.986789,1130.85445,1139.169878,12641159
6/27/2023,1134.376221,1140.305974,1129.923136,1134.421653,9689466
6/28/2023,1149.393921,1153.188117,1135.012202,1141.896393,11354006
6/30/2023,1158.822632,1161.730778,1151.188807,1157.073249,11151555
7/3/2023,1188.562866,1191.425581,1161.140039,1162.366951,12154387
7/4/2023,1176.316772,1192.788615,1169.273568,1192.788615,8061643
7/5/2023,1174.385742,1185.518454,1170.432533,1185.518454,10248062
7/6/2023,1199.036621,1201.626621,1170.546016,1170.546016,19117987
7/7/2023,1196.696533,1210.941836,1194.151845,1197.332705,13375267
7/10/2023,1242.7948,1252.314424,1215.508393,1221.82444,33240016
7/11/2023,1256.267578,1258.675849,1243.953509,1250.905729,20069348
7/12/2023,1257.653564,1273.216642,1254.881715,1256.994676,18733835
7/13/2023,1246.407471,1271.853635,1243.794754,1264.992278,14682934
7/14/2023,1245.362183,1254.540944,1238.273546,1249.587985,15124144
7/17/2023,1270.808472,1279.146617,1239.591449,1248.225024,22220040
7/18/2023,1281.600098,1289.324785,1269.126896,1280.032444,25867313
7/19/2023,1291.324341,1297.75409,1270.94472,1285.939775,39122156
7/20/2023,1289.760498,1295.224991,1270.142169,1270.142169,38717624
7/21/2023,1249.834717,1287.323556,1242.376372,1284.419016,30249238
7/24/2023,1224.55481,1238.117785,1215.644195,1221.404117,23727866
7/25/2023,1223.767334,1233.317968,1220.911951,1227.804196,12026020
7/26/2023,1243.656128,1253.896057,1223.373263,1223.373263,12911012
7/27/2023,1232.087158,1249.29313,1226.007286,1247.520911,17226898
7/28/2023,1244.468628,1251.853176,1231.028727,1236.690214,20827852
7/31/2023,1255.003906,1257.293068,1239.594792,1244.468666,8551174
8/1/2023,1237.256348,1259.803858,1233.367201,1257.834645,9536632
8/2/2023,1224.037964,1236.665491,1212.838067,1235.287019,12748214
8/3/2023,1218.893433,1231.201012,1210.105893,1218.598123,10168350
8/4/2023,1235.459473,1238.634804,1216.776591,1230.167213,22885610
8/7/2023,1242.499512,1244.739395,1233.219548,1241.096399,5982870
8/8/2023,1235.016235,1247.717681,1230.536349,1244.542349,9844072
8/9/2023,1243.16394,1245.034717,1221.453443,1233.145643,11486586
8/10/2023,1248.702393,1255.373125,1234.917903,1243.040906,15470598
8/11/2023,1253.970093,1259.730137,1236.838037,1246.73326,22179330
8/14/2023,1268.78833,1271.274485,1243.06549,1249.957734,9575812
8/16/2023,1267.754517,1271.520708,1255.865443,1255.865443,10203112
8/17/2023,1249.465576,1269.206983,1246.930263,1263.791648,13673744
8/18/2023,1258.720825,1268.960756,1234.967196,1246.142455,18639978
8/21/2023,1244.986328,1262.5001,1242.837196,1254.842446,9221746
8/22/2023,1244.689819,1253.854326,1234.611407,1243.454714,7713044
8/23/2023,1246.073364,1256.275409,1243.479642,1247.061449,9517952
8/24/2023,1225.125854,1254.817718,1220.778259,1254.817718,14140020
8/25/2023,1219.469116,1237.575715,1206.74753,1213.367647,22222400
8/28/2023,1207.315674,1227.200873,1201.066088,1221.272367,12580826
8/29/2023,1195.755127,1212.107852,1189.727715,1211.416241,16876644
8/30/2023,1194.618774,1206.945103,1193.111922,1201.510639,12168946
8/31/2023,1189.159668,1198.052428,1185.65192,1197.064344,21638600
9/1/2023,1191.950928,1198.373477,1186.516463,1188.937343,18112842
9/4/2023,1190.987427,1197.385249,1188.319647,1191.950785,9347626
9/5/2023,1197.36084,1202.474105,1191.852196,1195.58224,8675876
9/6/2023,1199.880249,1203.560839,1194.22349,1196.125601,8200370
9/7/2023,1201.51062,1204.598384,1191.135734,1196.421961,13652572
9/8/2023,1209.51416,1213.367714,1197.039594,1205.463038,23109288
9/11/2023,1222.556885,1223.66848,1211.391483,1211.391483,13271074
9/12/2023,1204.894897,1226.706813,1203.462103,1226.706813,16255666
9/13/2023,1210.922119,1216.652936,1198.669849,1205.462929,12803338
9/14/2023,1212.033813,1218.209341,1207.933239,1215.343872,9209636
9/15/2023,1214.281738,1219.296219,1210.156437,1219.296219,25468592
9/18/2023,1203.709229,1210.897567,1201.535491,1205.487829,7516300
9/20/2023,1176.88269,1199.337007,1163.469492,1197.089091,57081884
9/21/2023,1168.311035,1180.810327,1165.939608,1173.325515,12226182
9/22/2023,1163.444702,1177.030863,1160.999217,1173.844315,19176786
9/25/2023,1156.281128,1166.285483,1153.638074,1161.196824,14254884
9/26/2023,1157.293945,1161.098046,1153.885102,1155.342503,10087782
9/27/2023,1170.33667,1171.769465,1155.317833,1157.788045,11722778
9/28/2023,1153.144043,1177.30266,1148.64821,1177.30266,14518346
9/29/2023,1158.529053,1170.435519,1153.144041,1156.948142,12342014
10/3/2023,1145.263916,1153.885049,1144.201773,1151.093638,8859056
10/4/2023,1143.28772,1145.683873,1133.876312,1140.743451,10286386
10/5/2023,1143.263184,1150.821933,1140.74352,1145.807453,10953682
10/6/2023,1145.189941,1148.549453,1142.250414,1144.720625,5431026
10/9/2023,1135.432495,1142.200849,1133.826858,1140.298859,7576878
10/10/2023,1140.447021,1145.140423,1138.149773,1139.533116,10236032
10/11/2023,1158.553711,1160.850959,1142.719634,1143.435971,9814118
10/12/2023,1160.702759,1165.618575,1155.144784,1157.960921,12554450
10/13/2023,1160.653442,1164.704565,1150.698419,1156.058825,10150316
10/16/2023,1158.059814,1163.247258,1154.08275,1158.52913,5929036
10/17/2023,1163.593018,1165.791481,1156.701152,1163.963549,7928180
10/18/2023,1148.154175,1169.397991,1146.672048,1163.592995,8918320
10/19/2023,1139.335449,1147.067283,1136.79118,1142.225645,12032556
10/20/2023,1135.852539,1143.559525,1134.469197,1136.297129,8913312
10/23/2023,1118.116333,1139.384875,1114.188721,1131.356689,7853962
10/25/2023,1115.522583,1127.009064,1108.136676,1111.619698,11620688
10/26/2023,1099.984985,1115.547315,1096.921948,1112.08902,15222534
10/27/2023,1119.400879,1123.20498,1104.65367,1106.654566,11771084
10/30/2023,1142.472656,1148.648184,1121.451135,1123.45203,16813304
10/31/2023,1130.319214,1150.130356,1127.849003,1150.130356,12808438
11/1/2023,1135.012573,1144.94287,1124.04486,1130.936725,10309190
11/2/2023,1146.276733,1148.302355,1140.224716,1143.18897,10562104
11/3/2023,1146.029663,1153.563807,1144.078221,1149.73498,8850156
11/6/2023,1155.564697,1156.058739,1148.94458,1152.254639,10647304
11/7/2023,1148.055298,1155.614168,1145.955618,1153.11923,6960204
11/8/2023,1154.033203,1156.552867,1147.042554,1152.106487,7884494
11/9/2023,1141.509277,1154.033175,1138.372061,1154.00857,14513610
11/10/2023,1143.658325,1144.374783,1135.333786,1139.039103,7734954
11/13/2023,1143.510254,1148.450676,1142.077459,1147.610708,3854810
11/15/2023,1164.185791,1166.903023,1149.636271,1156.05882,12220648
11/16/2023,1166.2854,1172.930244,1159.49232,1161.542668,13134910
11/17/2023,1163.741211,1172.485734,1162.012063,1162.431927,7758634
11/20/2023,1160.678101,1165.149086,1154.280158,1160.282843,4490186
11/21/2023,1175.276978,1179.77281,1166.038412,1168.903881,8214450
11/22/2023,1179.871582,1182.959346,1171.966907,1173.350249,8534814
11/23/2023,1183.478149,1185.701339,1179.871617,1179.871617,8531542
11/24/2023,1182.687622,1186.985886,1181.279674,1181.551421,6749486
11/28/2023,1182.934692,1185.55314,1173.473832,1182.687671,13792174
11/29/2023,1186.047119,1191.605094,1184.737956,1189.653651,12531306
11/30/2023,1174.560669,1186.047151,1170.830626,1183.082897,28439984
12/1/2023,1182.885376,1183.922792,1174.634895,1174.832463,14342842
12/4/2023,1195.68103,1210.403513,1185.00979,1210.403513,15590990
12/5/2023,1204.35144,1205.88302,1196.397312,1204.968993,12693624
12/6/2023,1215.887451,1221.74178,1202.9929,1208.97086,16422442
12/7/2023,1213.886475,1215.813191,1206.451115,1215.343875,8142096
12/8/2023,1213.244141,1223.594301,1207.933187,1217.245931,10204894
12/11/2023,1215.022705,1219.098553,1211.589015,1213.367615,7066138
12/12/2023,1197.583008,1217.789285,1195.656171,1215.343801,9197124
12/13/2023,1202.473999,1204.647857,1188.81378,1196.570219,10031182
12/14/2023,1217.394043,1222.729723,1206.772136,1212.379563,16972354
12/15/2023,1232.931763,1235.1055,1220.30896,1224.236572,15932152
12/18/2023,1245.480347,1252.347485,1230.634355,1232.931723,14165188
12/19/2023,1263.809448,1271.615219,1247.555387,1262.277869,16820604
12/20/2023,1248.518799,1283.941724,1244.986445,1270.207326,17736722
12/21/2023,1266.008057,1271.417795,1244.12196,1248.44483,13765454
12/22/2023,1267.243042,1275.073539,1258.646635,1264.550536,16541784
12/26/2023,1273.665527,1280.532666,1266.081931,1268.700379,7465664
12/27/2023,1278.013184,1284.460338,1271.220103,1275.617031,9204156
12/28/2023,1287.251831,1290.438379,1278.013265,1279.470665,12302636
12/29/2023,1277.074463,1291.426414,1274.283172,1289.99374,10864584
1/1/2024,1279.692871,1287.89402,1271.244701,1274.900686,4030540
1/2/2024,1290.290039,1291.920403,1271.170629,1277.099136,7448800
1/3/2024,1276.259277,1301.307194,1273.245572,1289.45018,9037536
1/4/2024,1282.854736,1289.37619,1274.184391,1278.581319,9612778
1/5/2024,1288.313843,1294.316528,1283.521657,1285.942416,8086406
1/8/2024,1278.260254,1300.294466,1269.169804,1289.450263,7734652
1/9/2024,1274.875977,1287.869311,1273.245613,1284.5098,5403074
1/10/2024,1309.261475,1313.658403,1272.183578,1273.146936,11102740
1/11/2024,1343.696045,1346.26504,1312.67017,1313.658254,23725852
1/12/2024,1354.39209,1356.961085,1329.714704,1343.696123,15012164
1/15/2024,1377.513184,1379.810432,1349.723309,1358.616069,8610594
1/16/2024,1358.245605,1379.662384,1354.169757,1373.412678,9069024
1/17/2024,1345.350952,1369.756709,1338.879072,1343.300725,12197382
1/18/2024,1351.650146,1354.663852,1335.149184,1335.29742,10279438
1/19/2024,1351.156128,1359.604299,1342.806862,1359.604299,10422704
1/23/2024,1312.744263,1355.404857,1306.79115,1355.404857,20055420
1/24/2024,1327.861938,1333.419913,1308.149703,1319.314984,21919128
1/25/2024,1336.952393,1347.895501,1319.290382,1326.948037,11808872
1/29/2024,1430.795654,1435.192582,1343.967738,1348.241155,23893438
1/30/2024,1390.852295,1442.578489,1387.690473,1442.553763,14093978
1/31/2024,1409.625977,1417.16012,1385.788439,1387.270566,15130226
2/1/2024,1409.650635,1426.151596,1401.153133,1417.901115,13349362
2/2/2024,1440.330566,1457.32569,1416.097893,1416.097893,19652588
2/5/2024,1421.878174,1452.978106,1414.467541,1443.344283,8814432
2/6/2024,1410.786987,1424.669501,1402.906918,1424.669501,9047984
2/7/2024,1424.966064,1432.228461,1412.21975,1418.815263,9296568
2/8/2024,1432.845947,1442.084513,1410.515263,1432.722437,14694634
2/9/2024,1443.34436,1454.435584,1433.661084,1436.67479,12556798
2/12/2024,1435.044434,1443.591388,1425.163589,1443.344367,6674430
2/13/2024,1447.642456,1461.376854,1436.674743,1438.15687,7715594
2/14/2024,1463.723633,1465.971549,1440.133116,1440.133116,7117888
2/15/2024,1453.076904,1467.033597,1449.050509,1465.67498,10006782
2/16/2024,1443.171265,1459.400598,1441.17049,1458.88183,9767498
2/19/2024,1456.436401,1461.870866,1436.205397,1444.628841,6729828
2/20/2024,1453.496948,1457.918602,1444.381893,1457.449286,7117496
2/21/2024,1450.211548,1470.78848,1440.182587,1456.436528,12720292
2/22/2024,1464.094116,1467.255938,1440.627111,1450.656192,18493728
2/23/2024,1475.827637,1479.705916,1465.675045,1471.751788,14438584
2/26/2024,1469.602539,1476.716819,1464.83508,1475.753461,7513106
2/27/2024,1467.947632,1482.077167,1460.438214,1465.35391,10826044
2/28/2024,1438.280273,1473.505504,1432.895262,1465.329082,8647950
2/29/2024,1443.393799,1461.352161,1437.193545,1447.543705,23628976
3/1/2024,1474.345459,1482.126624,1445.073458,1446.061543,12132926
3/4/2024,1489.438477,1494.428231,1469.503825,1472.7151,10024420
3/5/2024,1482.324219,1489.438499,1468.342921,1487.832862,7107668
3/6/2024,1485.090942,1491.019449,1460.882873,1475.654688,7805676
3/7/2024,1461.302856,1485.189726,1457.968071,1485.066215,8315726
3/11/2024,1449.124512,1471.257626,1446.061474,1471.257626,11277130
3/12/2024,1457.844482,1470.269596,1447.56838,1449.124565,9432678
3/13/2024,1415.109863,1465.42799,1410.762268,1462.142658,13522134
3/14/2024,1414.418213,1431.265102,1408.514432,1422.545184,18571102
3/15/2024,1401.32605,1416.147317,1396.064548,1408.958978,19223818
3/18/2024,1422.322754,1424.545944,1399.646265,1403.079835,9169392
3/19/2024,1408.267334,1420.470153,1400.362659,1411.725629,8275764
3/20/2024,1426.546875,1427.781981,1407.056934,1410.935093,8488806
3/21/2024,1433.685791,1440.528324,1427.460931,1435.21737,13006936
3/22/2024,1437.687622,1442.603318,1430.104026,1432.697747,19527608
3/26/2024,1424.397705,1435.093791,1421.853436,1427.781942,11415906
3/27/2024,1475.06189,1482.126718,1429.75824,1430.746325,16326644
3/28/2024,1468.145264,1488.005737,1461.031104,1475.086581,21854364
4/1/2024,1467.08313,1476.173459,1464.835214,1474.691332,5013880
4/2/2024,1469.232056,1476.198099,1457.424495,1466.317255,8910166
4/3/2024,1454.065063,1466.761925,1451.397284,1464.415224,7008292
4/4/2024,1445.493408,1462.11788,1432.722369,1462.11788,14490272
4/5/2024,1442.702026,1453.274602,1438.650904,1443.467816,7442298
4/8/2024,1468.268677,1473.209099,1443.591293,1445.542736,8357118
4/9/2024,1446.209839,1472.048272,1445.073518,1471.257756,7071414
4/10/2024,1461.945068,1469.281644,1448.877675,1448.877675,9138330
4/12/2024,1449.668091,1468.762774,1445.641574,1458.289103,15551012
4/15/2024,1447.370728,1464.464636,1429.091166,1443.591353,12902062
4/16/2024,1448.28479,1453.645196,1433.636486,1436.032519,9366184
4/18/2024,1446.876709,1468.293488,1441.961013,1446.061588,19005692
4/19/2024,1452.607788,1456.436616,1425.830721,1439.416884,15741778
4/22/2024,1462.216675,1465.156202,1450.31033,1454.904826,10350362
4/23/2024,1441.936279,1475.704113,1438.206357,1461.376889,14605554
4/24/2024,1432.895264,1451.051314,1432.228258,1446.061439,10462776
4/25/2024,1442.578613,1450.483289,1424.323777,1425.311861,15943926
4/26/2024,1435.242188,1447.543791,1432.722524,1446.506254,9413848
4/29/2024,1447.568359,1450.409102,1432.722367,1432.722367,7247974
4/30/2024,1449.519897,1465.403307,1445.444049,1450.507982,11474262
5/2/2024,1449.075317,1459.721831,1446.679164,1454.460329,14512646
5/3/2024,1416.913086,1457.375095,1399.275803,1453.47221,17226958
5/6/2024,1402.610596,1422.841601,1401.103743,1418.395221,7394208
5/7/2024,1384.775635,1403.820987,1375.413559,1399.102859,14517472
5/8/2024,1401.647339,1415.875659,1380.848112,1380.848112,9439002
5/9/2024,1377.513184,1406.785184,1373.437335,1396.163277,11009612
5/10/2024,1390.654785,1393.199054,1371.535255,1380.106936,10505096
5/13/2024,1385.985962,1390.210047,1367.508832,1383.219398,8456620
5/14/2024,1403.153931,1410.070522,1383.34291,1384.281542,7188300
5/15/2024,1399.399292,1412.936,1396.188018,1403.573925,5046534
5/16/2024,1408.366089,1410.490494,1381.366731,1401.647187,14711774
5/17/2024,1418.592773,1420.0749,1396.410326,1406.093602,10916476
5/21/2024,1419.012817,1424.644851,1408.613204,1408.613204,11176128
5/22/2024,1443.245605,1451.273792,1419.161047,1419.161047,10281604
5/23/2024,1468.342896,1474.444244,1437.662826,1441.170574,14608260
5/24/2024,1462.611938,1470.763635,1458.511364,1465.946723,7094776
5/27/2024,1448.778809,1467.206608,1444.13486,1462.587265,6629010
5/28/2024,1438.848511,1460.882842,1435.439668,1450.507955,7820162
5/29/2024,1423.6073,1440.627029,1421.309931,1429.264059,7383556
5/30/2024,1407.87207,1423.236831,1403.178669,1418.395194,13206858
5/31/2024,1413.355957,1425.064733,1405.303045,1414.245257,31069832
6/3/2024,1492.328613,1496.453914,1441.615227,1465.329254,21527942
6/4/2024,1380.625732,1480.199968,1343.103249,1480.199968,36709098
6/5/2024,1403.821045,1414.097148,1367.607724,1405.056151,17464890
6/6/2024,1414.541626,1426.497423,1404.413761,1417.901137,17855722
6/7/2024,1452.43457,1454.460192,1409.502353,1411.478521,18558696
6/10/2024,1453.867432,1475.555836,1450.581979,1452.434637,9251760
6/11/2024,1439.317871,1456.115306,1437.341702,1451.495963,11774902
6/12/2024,1445.88855,1458.412568,1437.835758,1440.133006,10081742
6/13/2024,1447.790771,1454.707363,1442.702112,1454.460342,9181160
6/14/2024,1459.944214,1462.043893,1439.861325,1452.484128,8157998
6/18/2024,1463.377808,1469.676846,1453.818042,1469.627394,7196766
6/19/2024,1441.269409,1469.775621,1438.650961,1469.775621,8725874
6/20/2024,1456.140015,1465.181012,1432.821246,1441.615221,16113776
6/21/2024,1436.872314,1457.128045,1423.409664,1456.065903,31170360
6/24/2024,1424.29895,1432.228352,1420.371339,1428.30074,8878386
6/25/2024,1436.822998,1438.576872,1423.829664,1425.805833,7045386
6/26/2024,1495.984497,1500.875467,1427.905458,1428.819485,22014882
6/27/2024,1512.312622,1519.17976,1488.055102,1495.712756,28383030
6/28/2024,1546.747437,1562.16153,1512.782033,1512.782033,28957336
7/1/2024,1541.559937,1560.580562,1537.138283,1543.906637,7724306
7/2/2024,1546.525146,1554.750901,1538.447508,1550.798564,7749246
7/3/2024,1533.927002,1556.232959,1524.391963,1547.661279,9049620
7/4/2024,1535.507935,1548.822348,1532.321386,1538.447462,6837176
7/5/2024,1569.695679,1579.453013,1529.554747,1535.310291,12269710
7/8/2024,1581.824463,1589.630354,1563.668411,1570.066233,9500806
7/9/2024,1571.325928,1581.429067,1561.667379,1578.563598,6960002
7/10/2024,1565.348022,1578.464867,1544.524191,1575.994656,7134578
7/11/2024,1561.815674,1585.134442,1551.786593,1568.584028,11940946
7/12/2024,1577.699219,1586.023879,1555.739065,1565.61991,12924784
7/15/2024,1578.193237,1586.715466,1566.607971,1585.332124,5329688
7/16/2024,1557.46814,1580.935146,1550.428038,1574.512597,9386838
7/18/2024,1567.768921,1574.907807,1539.262588,1557.221071,12298374
7/19/2024,1536.619629,1571.029623,1534.297654,1567.102012,13140390
7/22/2024,1482.793701,1519.179863,1481.410359,1518.932842,19674376
7/23/2024,1470.170898,1487.808182,1445.567571,1483.114781,18052044
7/24/2024,1477.87793,1491.513544,1458.807971,1467.305474,11913362
7/25/2024,1474.617188,1482.595921,1459.474722,1463.353001,12519876
7/26/2024,1491.044189,1494.403701,1472.591664,1474.617285,9859940
7/29/2024,1501.987183,1509.299032,1493.761428,1493.93427,7538550
7/30/2024,1495.119995,1506.828772,1492.007505,1498.948822,8228208
7/31/2024,1487.486938,1492.451966,1483.262854,1486.07887,10057346
8/1/2024,1497.244385,1499.912164,1486.375456,1493.983658,10764222
8/2/2024,1481.459595,1491.340439,1475.481756,1487.067022,10268248
8/5/2024,1430.079224,1466.218483,1416.171984,1462.36493,17046704
8/6/2024,1438.700439,1459.894803,1434.031644,1437.811139,10236186
8/7/2024,1447.370728,1454.954324,1444.085395,1451.496028,8174568
8/8/2024,1431.85791,1447.543751,1428.696088,1440.157844,12387192
8/9/2024,1456.733032,1458.90677,1438.651038,1442.603376,6249776
8/12/2024,1443.220947,1455.448493,1440.380204,1452.48424,8184584
8/13/2024,1446.185181,1452.558277,1440.627205,1443.344438,6265064
8/14/2024,1444.431274,1454.460356,1436.378362,1446.11109,6267466
8/16/2024,1460.586304,1462.760162,1440.6765,1451.15017,9416902
8/19/2024,1475.65625,1485.47151,1467.823866,1469.806742,13797742
8/20/2024,1483.141602,1491.048416,1477.267404,1484.405709,8411808
8/21/2024,1485.843384,1494.964565,1477.242611,1480.464784,7769996
8/22/2024,1485.297974,1493.601266,1477.886999,1490.131234,10445782
8/23/2024,1487.132202,1498.384999,1485.595546,1490.874905,9249654
8/26/2024,1499.649048,1509.960027,1490.131268,1494.072209,8816114
8/27/2024,1487.603149,1500.516654,1486.611711,1497.56715,6251156
8/28/2024,1485.471558,1494.567928,1480.216888,1492.114144,9610286
8/29/2024,1507.902832,1523.840149,1481.208316,1490.230378,38335358
8/30/2024,1496.699585,1526.541844,1490.453477,1520.865886,41620730
9/2/2024,1503.267822,1513.727541,1493.725232,1497.938843,11240852
9/3/2024,1496.203857,1509.96006,1494.592771,1508.225043,10923800
9/4/2024,1501.582397,1504.507091,1486.661208,1487.850885,11983304
9/5/2024,1480.192139,1512.711354,1474.317941,1506.043957,16264168
9/6/2024,1452.283081,1484.182646,1449.110528,1479.721175,19394228
9/9/2024,1449.928345,1457.33944,1443.137019,1453.943717,9010298
9/10/2024,1449.011353,1459.446261,1445.0951,1447.995104,10768260
9/11/2024,1439.072144,1456.174448,1435.156012,1450.5233,9760202
9/12/2024,1467.129883,1473.27675,1433.495303,1444.52505,22349376
9/13/2024,1460.016357,1470.451266,1456.918114,1463.75906,8711328
9/16/2024,1458.752197,1468.220478,1452.208731,1464.899185,5481774
9/17/2024,1459.694214,1464.824833,1454.067755,1461.37961,5935328
9/18/2024,1450.919922,1469.311146,1448.044848,1457.413889,8574714
9/19/2024,1457.091675,1463.858191,1443.087613,1453.695951,16955902
9/20/2024,1473.202515,1482.199766,1458.777044,1461.379568,30897320
9/23/2024,1480.588745,1488.644179,1476.201583,1478.23408,8832314
9/24/2024,1476.622925,1487.652672,1475.135768,1475.755417,17137444
9/25/2024,1481.158691,1483.686907,1467.526419,1471.194813,7069002
9/26/2024,1485.124512,1491.12276,1475.309372,1477.887087,18818998
9/27/2024,1513.10791,1520.345335,1479.225469,1486.165535,20597478
9/30/2024,1463.932495,1511.918118,1461.77619,1506.390899,27008814
10/1/2024,1452.283081,1475.210084,1450.300205,1467.97266,16431642
10/3/2024,1394.928467,1436.990273,1390.070396,1424.275008,37757294
10/4/2024,1374.653564,1405.214592,1369.944234,1391.904609,37072876
10/7/2024,1358.988892,1384.543231,1349.71897,1381.568917,22181340
10/8/2024,1385.385864,1389.004637,1353.411989,1361.219563,17020808
10/9/2024,1362.830688,1388.979866,1360.748693,1385.559454,14310610
10/10/2024,1359.311035,1374.132984,1357.699949,1368.209166,22358646
10/11/2024,1360.352051,1371.431419,1357.105067,1358.270055,7980122
10/14/2024,1360.773438,1368.258722,1356.535016,1367.639073,12221432
10/15/2024,1332.517456,1359.95543,1329.220852,1346.893307,33762794
10/16/2024,1342.481323,1352.321394,1326.172217,1328.526882,20034438
10/17/2024,1344.811279,1356.733224,1340.473738,1354.00677,15543660
10/18/2024,1347.661621,1356.708492,1329.840428,1340.597626,12082452
10/21/2024,1357.476807,1362.235757,1346.10008,1355.419621,14067408
10/22/2024,1331.848267,1364.218743,1328.750023,1357.476916,15831960
10/23/2024,1327.064575,1345.852277,1323.569732,1326.048327,17214742
10/24/2024,1328.328735,1332.195247,1311.796458,1323.842454,22155934
10/25/2024,1316.480835,1332.839561,1310.680947,1331.996863,18597496
10/28/2024,1322.925171,1341.415512,1310.780056,1325.552506,10824350
10/29/2024,1328.526855,1331.699409,1308.995576,1316.72872,12008361
10/30/2024,1332.393555,1338.441302,1314.002331,1323.569732,11984423
10/31/2024,1320.64502,1331.501217,1314.795511,1328.526903,9331650
11/1/2024,1327.188477,1330.460149,1321.586828,1321.636448,2127335
11/4/2024,1291.000977,1328.52688,1274.096911,1326.395264,19796890
11/5/2024,1294.124023,1298.337635,1275.137962,1281.929288,16267479
11/6/2024,1314.002197,1316.927012,1289.06751,1298.78365,21625209
11/7/2024,1294.470947,1312.663809,1291.447013,1312.663809,9611974
11/8/2024,1272.758545,1290.50531,1264.083462,1286.539557,19814406
11/11/2024,1261.802979,1274.989151,1256.151831,1267.999465,9056552
11/12/2024,1263.339844,1278.261034,1256.647637,1264.628762,10671091
11/13/2024,1241.329956,1264.529508,1238.801741,1259.374079,14633633
11/14/2024,1256.746826,1261.704016,1240.388099,1242.866694,12612633
11/18/2024,1249.955444,1262.00144,1233.249738,1256.74677,13620611
11/19/2024,1231.018921,1270.527698,1224.574574,1249.955361,14183746
11/21/2024,1212.528564,1233.29914,1206.827796,1231.018906,19433843
11/22/2024,1254.565674,1257.986087,1211.983339,1218.873906,20471957
11/25/2024,1275.980591,1293.281134,1271.4695,1278.954905,28923341
11/26/2024,1284.606079,1286.737695,1273.204543,1283.862501,9247557
11/27/2024,1282.127563,1292.686402,1274.989258,1282.425043,9572746
11/28/2024,1259.919434,1285.498461,1258.184417,1278.905374,15027412
11/29/2024,1281.136108,1288.373654,1264.331283,1269.040613,13202307
12/2/2024,1297.94104,1300.122155,1266.115905,1276.972103,11024152
12/3/2024,1311.969971,1315.440004,1295.809483,1305.723863,16869482
12/4/2024,1297.742676,1317.026217,1292.884727,1314.646741,19608540
12/5/2024,1310.730591,1318.562854,1294.966703,1303.096446,16858723
12/6/2024,1300.320557,1312.564792,1298.783779,1312.564792,9037514
12/9/2024,1284.060913,1303.740933,1282.028417,1291.843677,14650002
12/10/2024,1273.848999,1283.812999,1269.238788,1278.21135,16043729
12/11/2024,1267.255981,1278.954998,1265.124487,1273.997808,11724373
12/12/2024,1252.087036,1267.255964,1249.80668,1259.126222,20906813
12/13/2024,1261.951782,1264.281637,1228.98647,1249.211829,28630222
12/16/2024,1257.440796,1270.032009,1255.705779,1264.083382,9486781
12/17/2024,1234.637817,1253.07854,1232.159222,1250.252966,17462791
12/18/2024,1242.519653,1249.162239,1230.027559,1230.027559,12670179
12/19/2024,1219.914795,1234.241146,1218.477258,1228.391638,14244653
12/20/2024,1194.980347,1228.88748,1191.212834,1213.52019,20312896
12/23/2024,1211.834717,1216.692666,1202.812534,1204.597171,10052824
12/24/2024,1212.280884,1222.988463,1210.545867,1211.834785,6734917
12/26/2024,1206.133911,1217.188348,1203.853555,1213.767935,10016178
12/27/2024,1210.595459,1217.386785,1206.580087,1207.869004,7000397
12/30/2024,1200.333862,1212.726837,1197.756148,1205.985131,8818766
12/31/2024,1205.043213,1208.661986,1195.822913,1197.657049,6405475
1/1/2025,1210.793579,1215.800389,1201.226179,1204.448352,5892590
1/2/2025,1231.167725,1233.794938,1209.554328,1210.793626,15486276
1/3/2025,1240.437622,1251.24432,1224.921594,1233.249697,15521102
1/6/2025,1207.571533,1251.194807,1204.597219,1243.213682,14816766
1/7/2025,1230.225708,1233.844481,1210.793549,1211.537128,10070505
1/8/2025,1254.664795,1260.167324,1234.687295,1238.306068,19346579
1/9/2025,1244.006836,1258.878406,1237.36425,1256.151951,12794704
1/10/2025,1231.266846,1245.989675,1225.417337,1243.114481,8120332
1/13/2025,1229.234375,1234.588164,1215.899582,1219.468735,13764861
1/14/2025,1228.143799,1242.618769,1216.742262,1233.447968,13095266
1/15/2025,1241.478516,1246.237466,1231.217157,1234.290591,9578856
1/16/2025,1255.606567,1264.08341,1240.586379,1248.121283,14117603
1/17/2025,1291.199219,1314.646751,1273.997794,1310.928859,29366277
1/20/2025,1294.272705,1304.732425,1289.117276,1304.732425,14040244
1/21/2025,1262.794556,1301.758118,1259.324523,1299.279523,14562976
1/22/2025,1266.165527,1271.915917,1257.837423,1267.355326,10273590
1/23/2025,1252.830688,1266.413341,1250.798192,1259.126296,8720682
1/24/2025,1235.629272,1262.10062,1232.853198,1255.160553,14235970
1/27/2025,1218.824219,1229.829156,1209.554298,1228.490739,9536019
1/28/2025,1223.831055,1234.092413,1208.067167,1227.400207,10568025
1/29/2025,1224.921631,1232.109556,1217.535466,1225.41735,5928156
1/30/2025,1242.321411,1246.237543,1221.848193,1224.971246,9269259
1/31/2025,1254.268188,1256.151945,1238.306061,1245.097387,6584612
2/1/2025,1253.772461,1259.67159,1230.374549,1254.26818,7118453
2/3/2025,1235.232666,1245.246166,1226.954183,1240.288976,9252345
2/4/2025,1274.196045,1277.765318,1235.926563,1237.364221,16691069
2/5/2025,1267.255981,1279.450717,1265.768824,1271.667953,10112028
2/6/2025,1270.577393,1276.972119,1259.473215,1262.794508,9956001
2/7/2025,1255.854492,1272.708939,1251.194782,1265.223654,8764283
2/10/2025,1242.91626,1255.656214,1234.885636,1253.673338,6970972
2/11/2025,1224.277222,1253.723004,1219.567891,1253.723004,8859714
2/12/2025,1206.133911,1216.39527,1183.132478,1209.008984,21131654
2/13/2025,1205.687622,1217.485757,1201.622751,1206.629561,8511216
2/14/2025,1206.827881,1213.520087,1195.128864,1208.562897,10298145
2/17/2025,1214.412476,1216.99019,1194.187115,1200.730582,8166683
2/18/2025,1214.908203,1219.369674,1205.687781,1214.362864,6673250
2/19/2025,1216.94043,1222.195099,1207.125291,1209.058547,6217338
2/20/2025,1222.442993,1228.7386,1211.537176,1213.470431,7795582
2/21/2025,1217.634521,1229.383037,1211.685894,1218.17974,6904025
2/24/2025,1204.151123,1212.776586,1200.135751,1206.133999,7172498
2/25/2025,1193.691406,1210.545853,1191.212811,1200.631473,11552182
2/27/2025,1196.764771,1204.597155,1190.370044,1202.41604,11509215
2/28/2025,1189.824707,1206.927012,1183.083001,1191.708463,23007298
3/3/2025,1161.22168,1196.120247,1146.102251,1193.691272,17944938
3/4/2025,1151.951782,1163.948157,1149.621927,1152.249141,11377373
3/5/2025,1165.534424,1172.871089,1147.093702,1151.059454,8664095
3/6/2025,1199.243286,1203.556017,1175.002677,1186.751193,14468014
3/7/2025,1239.099243,1244.056433,1201.622839,1205.588591,16474965
3/10/2025,1227.796875,1247.229036,1224.822561,1234.340342,11931051
3/11/2025,1236.620605,1238.801721,1219.220821,1229.38306,10089838
3/12/2025,1246.287231,1252.186239,1233.348917,1247.229049,11977555
3/13/2025,1237.215454,1253.326321,1233.200082,1249.26145,9505270
3/17/2025,1228.24292,1246.634143,1222.542152,1231.514714,16640917
3/18/2025,1228.24292,1228.24292,1228.24292,1228.24292,0
3/19/2025,1236.471924,1242.519671,1228.193441,1230.424176,16162399
3/20/2025,1258.283447,1262.100459,1239.347007,1241.131523,15971477
3/21/2025,1265.421875,1270.032086,1259.225387,1264.083458,21780769
3/24/2025,1290.951416,1294.818048,1273.254272,1279.946478,20299319
3/25/2025,1274.44397,1296.503466,1271.618396,1296.503466,13713899
3/26/2025,1262.150146,1282.722484,1257.886915,1279.946409,12074747
3/27/2025,1267.255981,1273.997808,1260.415156,1267.206482,15028056
3/28/2025,1264.182495,1284.655713,1258.134748,1269.040565,18147129
4/1/2025,1241.875122,1266.95855,1238.60345,1253.772377,12099648
4/2/2025,1240.437622,1244.799973,1233.249697,1236.86847,10142590
4/3/2025,1238.008545,1241.082099,1222.492638,1222.492638,7434366
4/4/2025,1194.385254,1234.786351,1182.934218,1230.47362,17908652
4/7/2025,1155.719238,1161.221768,1105.30464,1122.506065,22156106
4/8/2025,1172.078003,1186.354735,1153.339921,1161.965383,19555040
4/9/2025,1175.20105,1179.613022,1157.999624,1159.486781,10223104
4/11/2025,1208.513306,1212.181699,1184.917154,1184.917154,11224242
4/15/2025,1229.4823,1240.288999,1226.507986,1240.288999,13378535
4/16/2025,1228.689209,1230.275486,1218.477349,1223.533659,8248464
4/17/2025,1263.587769,1269.238917,1217.089301,1229.581396,15398401
4/21/2025,1284.407959,1289.761749,1256.151975,1259.126289,10429964
4/22/2025,1280.144653,1292.735988,1275.286704,1288.869356,13051707
4/23/2025,1288.869385,1294.818013,1274.394414,1285.895071,10480888
4/24/2025,1290.455688,1293.330883,1279.252512,1281.334507,10468940
4/25/2025,1289.265991,1313.853581,1277.071255,1292.339425,14431012
4/28/2025,1357.080322,1362.83059,1308.896341,1328.526861,31104496
4/29/2025,1387.715698,1398.819876,1358.270039,1359.261477,32538970
4/30/2025,1392.970337,1400.307002,1357.27857,1389.996023,25480745
5/2/2025,1407.643677,1414.484502,1397.035218,1401.893288,13007841
5/5/2025,1419.045288,1427.175031,1414.682937,1418.747808,12685649
5/6/2025,1408.734253,1419.73919,1398.522393,1418.747752,14084117
5/7/2025,1393.961792,1412.204275,1390.689998,1408.734242,13440169
5/8/2025,1394.953247,1408.63514,1386.030305,1392.078053,16106175
5/9/2025,1365.408447,1382.857854,1362.731613,1373.637432,13668904
5/12/2025,1424.200684,1426.679279,1388.013197,1388.013197,10674081
5/13/2025,1403.578735,1435.304752,1400.307063,1421.22638,11407896
5/14/2025,1412.204224,1417.657132,1403.380402,1407.841872,5570160
5/15/2025,1441.749146,1448.887572,1400.604467,1412.799203,20177211
5/16/2025,1443.930298,1448.490888,1434.908236,1440.757624,9036695
5/19/2025,1428.463867,1442.145638,1425.886032,1439.667044,6195791
5/20/2025,1412.402588,1432.627948,1409.626634,1425.886121,11270560
5/21/2025,1416.963135,1423.903201,1405.958197,1411.708586,6136364
5/22/2025,1397.332764,1411.609495,1384.939788,1409.03166,12134466
5/23/2025,1414.583862,1421.523929,1394.556741,1394.556741,6474883
5/26/2025,1422.515259,1428.662126,1412.898238,1419.739184,4842944
5/27/2025,1409.92395,1424.696401,1401.794207,1413.889702,12640414
5/28/2025,1400.802734,1410.419634,1398.621498,1407.941039,5944611
5/29/2025,1405.660889,1407.842004,1396.539586,1400.009619,13771917
5/30/2025,1408.734253,1418.351153,1397.630075,1405.859059,13788484
6/2/2025,1401.595825,1405.363338,1383.650822,1400.009549,8098668
6/3/2025,1393.466187,1414.286386,1391.384191,1410.122394,11252626
6/4/2025,1411.312012,1413.493127,1394.060966,1402.587309,8126827
6/5/2025,1430.050171,1442.244785,1411.411088,1415.77344,13716817
6/6/2025,1431.140747,1439.072251,1424.6964,1428.662152,8182161
6/9/2025,1436.395386,1445.020848,1432.925353,1444.525129,7885125
6/10/2025,1426.183472,1441.45164,1423.704877,1437.585008,7913181
6/11/2025,1436.494507,1456.025787,1430.744118,1433.421073,8195700
6/12/2025,1429.25708,1444.52525,1422.118774,1441.055217,8828114
6/13/2025,1415.674316,1423.209221,1402.190784,1411.807684,9757276
6/16/2025,1425.489624,1430.050215,1412.20433,1414.682925,8458093
6/17/2025,1418.946045,1435.602252,1413.592376,1435.602252,10366599
6/18/2025,1417.855469,1430.446804,1413.493117,1417.756349,6681735
6/19/2025,1421.028198,1427.571665,1413.493172,1417.855524,10007230
6/20/2025,1453.646362,1458.405313,1415.872598,1418.747793,29010635
6/23/2025,1444.326904,1451.26697,1429.653574,1440.559392,5989078
6/24/2025,1438.378296,1462.371047,1430.744151,1452.456667,16402744
6/25/2025,1454.737061,1459.79337,1447.995234,1451.465267,7525851
6/26/2025,1482.497314,1485.967348,1452.555814,1456.521566,14657893
6/27/2025,1502.425171,1508.968637,1484.083568,1486.562163,11117052
6/30/2025,1487.751831,1511.744703,1483.19124,1500.838885,8409527
7/1/2025,1515.313843,1518.288157,1487.256099,1487.751818,10368523
7/2/2025,1505.796021,1516.900077,1495.7824,1515.313801,6361002
7/3/2025,1504.804688,1518.783939,1500.045737,1507.779002,11283291
7/4/2025,1514.223389,1516.900223,1504.209768,1510.951595,6603501
7/7/2025,1528.301636,1531.573429,1511.942909,1513.529186,7251074
7/8/2025,1524.434937,1531.672482,1517.098272,1522.84866,7171261
7/9/2025,1505.994263,1537.720277,1497.170441,1523.542666,8870660
7/10/2025,1504.209595,1511.645379,1494.592695,1506.68819,10047129
7/11/2025,1482.398071,1502.028592,1477.540122,1499.054278,7234991
7/14/2025,1470.99646,1487.156947,1466.43587,1479.423683,10311846
7/15/2025,1472.682007,1483.686944,1469.707693,1473.475085,8132454
7/16/2025,1472.880249,1478.234038,1458.900998,1460.388155,10409983
7/17/2025,1463.759155,1476.846089,1461.28056,1474.664974,11854613
7/18/2025,1463.362549,1472.087252,1456.521602,1472.087252,10296318
7/21/2025,1416.368286,1463.362471,1410.915377,1452.456653,22442744
7/22/2025,1400.703613,1419.640054,1398.621497,1415.178583,20396320
7/23/2025,1412.402588,1413.790625,1402.289968,1413.790625,8354596
7/24/2025,1390.888428,1410.816308,1384.047481,1407.048795,14740507
7/25/2025,1379.78418,1389.004601,1372.249275,1386.922606,11854722
7/28/2025,1375.719238,1395.746357,1373.141524,1380.379069,7748361
7/29/2025,1404.966675,1408.040108,1371.158665,1371.158665,10750072
7/30/2025,1398.026611,1411.113665,1389.30203,1405.958115,7209849
7/31/2025,1378.296997,1390.590852,1370.365493,1376.215002,17065827
8/1/2025,1381.76709,1393.862706,1372.447669,1375.025384,10321171
8/4/2025,1399.414673,1403.975263,1379.784153,1383.155066,6312820
8/5/2025,1379.78418,1398.918981,1376.215027,1398.918981,9315972
8/6/2025,1380.874756,1383.948189,1371.456096,1379.982438,5834312
8/7/2025,1377.504028,1381.767139,1354.304354,1375.818511,9976705
8/8/2025,1356.088867,1385.237046,1353.312793,1373.141551,8793606
8/11/2025,1374.331299,1376.115936,1349.545349,1358.270052,9997486
8/12/2025,1368.581055,1389.896972,1363.425504,1370.068212,12244664
8/13/2025,1370.762085,1379.883387,1365.705776,1376.115874,7457021
8/14/2025,1367.477417,1374.345564,1363.794373,1370.961309,7126128
8/18/2025,1375.340942,1388.480265,1370.662622,1383.602792,11785109
8/19/2025,1413.564209,1414.460091,1382.706881,1383.602763,14384719
8/20/2025,1406.496948,1418.342205,1403.510755,1406.496948,8725641
8/21/2025,1418.242676,1425.309975,1413.763386,1418.441707,11021323
8/22/2025,1402.714355,1416.849075,1401.420411,1413.464699,5818868
8/25/2025,1406.098755,1412.967023,1399.230487,1408.189066,5979407
8/26/2025,1378.526245,1403.510702,1375.241384,1401.519907,12145259
8/28/2025,1379.521729,1385.792661,1360.210988,1383.503319,13161813
8/29/2025,1350.953735,1397.040698,1343.78692,1374.743765,18758842
9/1/2025,1347.668945,1356.926071,1334.430108,1349.759256,11232238
9/2/2025,1360.210938,1378.128096,1348.266165,1348.564833,11517006
9/3/2025,1366.282837,1370.164912,1354.238549,1363.396159,7847563
9/4/2025,1353.044067,1367.676364,1350.85412,1365.486538,13223177
9/5/2025,1368.671875,1374.644261,1353.044179,1356.727102,5777575
9/8/2025,1372.155762,1379.621245,1366.08386,1373.648858,6986720
9/9/2025,1369.866211,1374.843199,1362.400728,1370.264394,9754452
9/10/2025,1370.662598,1382.109671,1367.77592,1377.530866,7790815
9/11/2025,1376.933716,1379.123542,1368.671866,1369.667264,9766072
9/12/2025,1388.579834,1389.8739,1374.146567,1376.933729,7403368
9/15/2025,1392.859985,1394.353082,1382.209158,1386.588932,5396697
9/16/2025,1398.832397,1401.519923,1391.764977,1398.235062,8686961
9/17/2025,1407.293335,1409.682192,1400.425066,1400.524582,7519417
9/18/2025,1408.487671,1415.455454,1404.207412,1413.862842,9332642
9/19/2025,1400.922729,1410.478523,1397.14017,1408.388212,13461373
9/22/2025,1384.199951,1404.20742,1381.611942,1397.438789,7757970
9/23/2025,1383.403809,1388.579828,1370.463638,1384.598237,14014702
9/24/2025,1376.63501,1389.57518,1374.047,1378.924473,5922759
9/25/2025,1366.083862,1378.12815,1362.699486,1374.942926,11411143
9/26/2025,1371.259888,1376.336392,1359.713298,1365.685685,9879109
9/29/2025,1366.481934,1382.607327,1361.703976,1375.24136,14231999
9/30/2025,1357.722412,1370.762097,1356.527984,1370.762097,14604684
10/1/2025,1362.400757,1372.255218,1356.428371,1360.708629,12045916
10/3/2025,1357.125244,1365.287457,1350.655159,1356.926092,12842347
10/6/2025,1368.671875,1371.060854,1352.745511,1353.740909,12396580
10/7/2025,1378.426758,1389.475648,1369.567694,1369.66721,11244040
10/8/2025,1361.106812,1382.607377,1358.220134,1378.426755,8525081
10/9/2025,1371.458984,1373.648811,1362.798952,1367.676425,8826633
10/10/2025,1375.340942,1381.611996,1368.771342,1371.458989,6373084
10/13/2025,1368.671875,1371.3594,1361.50506,1370.563155,7600682
10/14/2025,1369.567749,1381.612037,1363.794394,1373.648855,9768174
10/15/2025,1367.975098,1377.630407,1366.382364,1376.635009,10882743
10/16/2025,1391.864624,1394.05445,1368.671809,1368.771325,12315932
10/17/2025,1410.279541,1416.749626,1392.660928,1394.552208,19335561
10/20/2025,1460.049316,1467.0171,1426.703495,1433.372611,24721978
10/21/2025,1458.456665,1467.216213,1453.280646,1461.243827,2066169
10/23/2025,1441.734009,1476.075228,1437.951449,1468.211562,18707090
10/24/2025,1444.919312,1453.081646,1434.36812,1443.326699,9700837
10/27/2025,1477.269653,1478.165536,1451.289799,1456.266787,14113867
10/28/2025,1480.056885,1485.133389,1470.799637,1477.269723,17631577
10/29/2025,1497.2771,1501.358327,1481.251222,1483.142502,11884745
10/30/2025,1481.649414,1496.182196,1477.170125,1493.096487,9318663
10/31/2025,1479.559204,1490.608095,1475.478098,1483.540795,8758053
11/3/2025,1477.866943,1488.119588,1472.491893,1479.161009,8452085
11/4/2025,1466.320313,1485.92972,1463.334119,1477.070656,10007806
11/6/2025,1489.214478,1494.689165,1469.406039,1477.17019,16772678
11/7/2025,1471.197754,1491.503891,1469.107443,1487.721331,7821765
11/10/2025,1482.445801,1494.091905,1468.709264,1471.098243,7068438
11/11/2025,1486.526978,1491.90215,1473.387655,1490.110385,7127506
11/12/2025,1504.543579,1517.68278,1493.096506,1498.073494,12384459
11/13/2025,1503.946411,1515.094817,1499.865305,1508.027517,7196443
11/14/2025,1511.909546,1513.900341,1498.571193,1498.571193,7682823
11/17/2025,1511.312378,1516.687428,1504.543625,1513.900388,5871416
11/18/2025,1512.407227,1520.768591,1503.548163,1514.696568,11045042
11/19/2025,1511.909546,1515.293922,1505.041278,1510.416449,5692366
11/20/2025,1541.970581,1543.762346,1519.673648,1522.958509,18171724
11/21/2025,1539.482056,1550.630583,1533.011971,1533.907853,9615271
11/24/2025,1528.831299,1542.866382,1524.750193,1542.866382,18433951
11/25/2025,1532.61377,1552.422208,1518.080988,1528.831331,15033482
11/26/2025,1562.674805,1564.366932,1533.410089,1535.201854,14054299
11/27/2025,1556.204712,1568.248999,1548.838745,1567.7513,9794643
11/28/2025,1560.285889,1574.022425,1555.806599,1560.783588,8959508
12/1/2025,1558.892334,1570.239892,1556.40384,1567.751398,8920233
12/2/2025,1539.183472,1560.285854,1534.903213,1553.915284,11389150
12/3/2025,1531.718018,1545.255402,1525.944662,1538.088466,6090883
12/4/2025,1528.532715,1553.318142,1510.615556,1528.930898,11867930
12/5/2025,1533.509644,1538.685784,1513.60169,1523.356636,10183266
12/8/2025,1535.898682,1543.861863,1527.9355,1532.116122,11301491
12/9/2025,1522.361206,1535.400891,1513.103959,1533.211065,11503971
12/10/2025,1529.826782,1540.377974,1524.352095,1526.940105,7991629
12/11/2025,1537.889404,1542.866393,1516.986053,1529.826707,4706197
12/12/2025,1549.336548,1552.621409,1538.984387,1543.662829,5106655
12/15/2025,1549.037842,1551.426821,1539.382533,1544.060853,5774543
12/16/2025,1535.201904,1544.558545,1531.718012,1537.889429,11731856
12/17/2025,1537.292236,1542.866439,1532.215732,1542.866439,7116649
12/18/2025,1537.292236,1544.359536,1528.134505,1528.134505,6580829
12/19/2025,1557.896851,1566.954945,1543.861768,1547.246144,13937275
12/22/2025,1568.149536,1570.239847,1558.096044,1566.258256,10184852
12/23/2025,1563.471069,1573.624198,1560.88306,1573.624198,7506564
12/24/2025,1551.028687,1568.448147,1546.449881,1565.461954,8815745
12/26/2025,1552.024048,1553.815812,1547.146696,1547.544758,2311495
12/29/2025,1538.486694,1550.929166,1536.495899,1547.743942,5972105
12/30/2025,1532.713379,1546.449794,1530.722584,1539.880194,8815884
12/31/2025,1563.172607,1569.742208,1533.90789,1533.90789,5771830
